<?xml version="1.0" encoding="utf-8"?>
<rdf:RDF xmlns:rdf="http://www.w3.org/1999/02/22-rdf-syntax-ns#" xmlns:cim="http://iec.ch/TC57/2013/CIM-schema-cim16#" xmlns:entsoe="http://entsoe.eu/CIM/SchemaExtension/3/1#" xmlns:entsoe2="http://entsoe.eu/CIM/SchemaExtension/3/2#" xmlns:md="http://iec.ch/TC57/61970-552/ModelDescription/1#">
  <md:FullModel rdf:about="urn:uuid:e7004b30-e18a-11eb-a668-74e5f963e191">
    <md:Model.created>2021-07-10T14:27:12Z</md:Model.created>
    <md:Model.scenarioTime>2021-07-10T14:25:29Z</md:Model.scenarioTime>
    <md:Model.version>0</md:Model.version>
    <md:Model.description />
    <md:Model.modelingAuthoritySet>http://www.smib_gensal.com/smib_gensal</md:Model.modelingAuthoritySet>
    <md:Model.profile>http://entsoe.eu/CIM/Topology/4/1</md:Model.profile>
  </md:FullModel>
  <cim:ConnectivityNode rdf:about="#_ace9c68a-e18a-11eb-a668-74e5f963e191">
    <cim:ConnectivityNode.TopologicalNode rdf:resource="#_ace9c68c-e18a-11eb-a668-74e5f963e191" />
  </cim:ConnectivityNode>
  <cim:ConnectivityNode rdf:about="#_ace9c6a7-e18a-11eb-a668-74e5f963e191">
    <cim:ConnectivityNode.TopologicalNode rdf:resource="#_ace9c6a9-e18a-11eb-a668-74e5f963e191" />
  </cim:ConnectivityNode>
  <cim:ConnectivityNode rdf:about="#_ace9c6b6-e18a-11eb-a668-74e5f963e191">
    <cim:ConnectivityNode.TopologicalNode rdf:resource="#_ace9c6b8-e18a-11eb-a668-74e5f963e191" />
  </cim:ConnectivityNode>
  <cim:ConnectivityNode rdf:about="#_ace9c6c4-e18a-11eb-a668-74e5f963e191">
    <cim:ConnectivityNode.TopologicalNode rdf:resource="#_ace9c6c6-e18a-11eb-a668-74e5f963e191" />
  </cim:ConnectivityNode>
  <cim:Terminal rdf:about="#_ace9c689-e18a-11eb-a668-74e5f963e191">
    <cim:Terminal.TopologicalNode rdf:resource="#_ace9c68c-e18a-11eb-a668-74e5f963e191" />
  </cim:Terminal>
  <cim:Terminal rdf:about="#_ace9c6a6-e18a-11eb-a668-74e5f963e191">
    <cim:Terminal.TopologicalNode rdf:resource="#_ace9c6a9-e18a-11eb-a668-74e5f963e191" />
  </cim:Terminal>
  <cim:Terminal rdf:about="#_ace9c6b5-e18a-11eb-a668-74e5f963e191">
    <cim:Terminal.TopologicalNode rdf:resource="#_ace9c6b8-e18a-11eb-a668-74e5f963e191" />
  </cim:Terminal>
  <cim:Terminal rdf:about="#_ace9c6c3-e18a-11eb-a668-74e5f963e191">
    <cim:Terminal.TopologicalNode rdf:resource="#_ace9c6c6-e18a-11eb-a668-74e5f963e191" />
  </cim:Terminal>
  <cim:Terminal rdf:about="#_ace9c6d5-e18a-11eb-a668-74e5f963e191">
    <cim:Terminal.TopologicalNode rdf:resource="#_ace9c6a9-e18a-11eb-a668-74e5f963e191" />
  </cim:Terminal>
  <cim:Terminal rdf:about="#_ace9c6de-e18a-11eb-a668-74e5f963e191">
    <cim:Terminal.TopologicalNode rdf:resource="#_ace9c68c-e18a-11eb-a668-74e5f963e191" />
  </cim:Terminal>
  <cim:Terminal rdf:about="#_ace9c6e6-e18a-11eb-a668-74e5f963e191">
    <cim:Terminal.TopologicalNode rdf:resource="#_ace9c6b8-e18a-11eb-a668-74e5f963e191" />
  </cim:Terminal>
  <cim:Terminal rdf:about="#_ace9c6ea-e18a-11eb-a668-74e5f963e191">
    <cim:Terminal.TopologicalNode rdf:resource="#_ace9c68c-e18a-11eb-a668-74e5f963e191" />
  </cim:Terminal>
  <cim:Terminal rdf:about="#_ace9c6eb-e18a-11eb-a668-74e5f963e191">
    <cim:Terminal.TopologicalNode rdf:resource="#_ace9c6a9-e18a-11eb-a668-74e5f963e191" />
  </cim:Terminal>
  <cim:Terminal rdf:about="#_ace9c6ee-e18a-11eb-a668-74e5f963e191">
    <cim:Terminal.TopologicalNode rdf:resource="#_ace9c6a9-e18a-11eb-a668-74e5f963e191" />
  </cim:Terminal>
  <cim:Terminal rdf:about="#_ace9c6ef-e18a-11eb-a668-74e5f963e191">
    <cim:Terminal.TopologicalNode rdf:resource="#_ace9c6b8-e18a-11eb-a668-74e5f963e191" />
  </cim:Terminal>
  <cim:Terminal rdf:about="#_ace9c6f2-e18a-11eb-a668-74e5f963e191">
    <cim:Terminal.TopologicalNode rdf:resource="#_ace9c6a9-e18a-11eb-a668-74e5f963e191" />
  </cim:Terminal>
  <cim:Terminal rdf:about="#_ace9c6f3-e18a-11eb-a668-74e5f963e191">
    <cim:Terminal.TopologicalNode rdf:resource="#_ace9c6c6-e18a-11eb-a668-74e5f963e191" />
  </cim:Terminal>
  <cim:Terminal rdf:about="#_ace9c6f6-e18a-11eb-a668-74e5f963e191">
    <cim:Terminal.TopologicalNode rdf:resource="#_ace9c6b8-e18a-11eb-a668-74e5f963e191" />
  </cim:Terminal>
  <cim:Terminal rdf:about="#_ace9c6f7-e18a-11eb-a668-74e5f963e191">
    <cim:Terminal.TopologicalNode rdf:resource="#_ace9c6c6-e18a-11eb-a668-74e5f963e191" />
  </cim:Terminal>
  <cim:TopologicalNode rdf:ID="_ace9c68c-e18a-11eb-a668-74e5f963e191">
    <cim:TopologicalNode.BaseVoltage rdf:resource="#_ace9c693-e18a-11eb-a668-74e5f963e191" />
    <cim:TopologicalNode.ConnectivityNodeContainer rdf:resource="#_ace9c692-e18a-11eb-a668-74e5f963e191" />
    <cim:IdentifiedObject.description>GEN01</cim:IdentifiedObject.description>
    <cim:IdentifiedObject.name>GEN01</cim:IdentifiedObject.name>
  </cim:TopologicalNode>
  <cim:TopologicalNode rdf:ID="_ace9c6a9-e18a-11eb-a668-74e5f963e191">
    <cim:TopologicalNode.BaseVoltage rdf:resource="#_ace9c693-e18a-11eb-a668-74e5f963e191" />
    <cim:TopologicalNode.ConnectivityNodeContainer rdf:resource="#_ace9c6ab-e18a-11eb-a668-74e5f963e191" />
    <cim:IdentifiedObject.description>LOAD</cim:IdentifiedObject.description>
    <cim:IdentifiedObject.name>LOAD</cim:IdentifiedObject.name>
  </cim:TopologicalNode>
  <cim:TopologicalNode rdf:ID="_ace9c6b8-e18a-11eb-a668-74e5f963e191">
    <cim:TopologicalNode.BaseVoltage rdf:resource="#_ace9c693-e18a-11eb-a668-74e5f963e191" />
    <cim:TopologicalNode.ConnectivityNodeContainer rdf:resource="#_ace9c692-e18a-11eb-a668-74e5f963e191" />
    <cim:IdentifiedObject.description>GEN02</cim:IdentifiedObject.description>
    <cim:IdentifiedObject.name>GEN02</cim:IdentifiedObject.name>
  </cim:TopologicalNode>
  <cim:TopologicalNode rdf:ID="_ace9c6c6-e18a-11eb-a668-74e5f963e191">
    <cim:TopologicalNode.BaseVoltage rdf:resource="#_ace9c693-e18a-11eb-a668-74e5f963e191" />
    <cim:TopologicalNode.ConnectivityNodeContainer rdf:resource="#_ace9c6c8-e18a-11eb-a668-74e5f963e191" />
    <cim:IdentifiedObject.description>FAULT</cim:IdentifiedObject.description>
    <cim:IdentifiedObject.name>FAULT</cim:IdentifiedObject.name>
  </cim:TopologicalNode>
</rdf:RDF>