<?xml version="1.0" encoding="utf-8"?>
<rdf:RDF xmlns:rdf="http://www.w3.org/1999/02/22-rdf-syntax-ns#" xmlns:cim="http://iec.ch/TC57/2013/CIM-schema-cim16#" xmlns:entsoe="http://entsoe.eu/CIM/SchemaExtension/3/1#" xmlns:entsoe2="http://entsoe.eu/CIM/SchemaExtension/3/2#" xmlns:md="http://iec.ch/TC57/61970-552/ModelDescription/1#">
  <md:FullModel rdf:about="urn:uuid:bacf7563-e18f-11eb-a668-74e5f963e191">
    <md:Model.created>2021-07-10T15:01:46Z</md:Model.created>
    <md:Model.scenarioTime>2021-07-10T14:59:20Z</md:Model.scenarioTime>
    <md:Model.version>0</md:Model.version>
    <md:Model.description />
    <md:Model.modelingAuthoritySet>http://www.smib_ieesgo.com/smib_ieesgo</md:Model.modelingAuthoritySet>
    <md:Model.profile>http://entsoe.eu/CIM/Topology/4/1</md:Model.profile>
  </md:FullModel>
  <cim:ConnectivityNode rdf:about="#_6738efc4-e18f-11eb-a668-74e5f963e191">
    <cim:ConnectivityNode.TopologicalNode rdf:resource="#_6738efc6-e18f-11eb-a668-74e5f963e191" />
  </cim:ConnectivityNode>
  <cim:ConnectivityNode rdf:about="#_6738efe1-e18f-11eb-a668-74e5f963e191">
    <cim:ConnectivityNode.TopologicalNode rdf:resource="#_6738efe3-e18f-11eb-a668-74e5f963e191" />
  </cim:ConnectivityNode>
  <cim:ConnectivityNode rdf:about="#_6738eff0-e18f-11eb-a668-74e5f963e191">
    <cim:ConnectivityNode.TopologicalNode rdf:resource="#_6738eff2-e18f-11eb-a668-74e5f963e191" />
  </cim:ConnectivityNode>
  <cim:ConnectivityNode rdf:about="#_6738effe-e18f-11eb-a668-74e5f963e191">
    <cim:ConnectivityNode.TopologicalNode rdf:resource="#_6738f000-e18f-11eb-a668-74e5f963e191" />
  </cim:ConnectivityNode>
  <cim:Terminal rdf:about="#_6738efc3-e18f-11eb-a668-74e5f963e191">
    <cim:Terminal.TopologicalNode rdf:resource="#_6738efc6-e18f-11eb-a668-74e5f963e191" />
  </cim:Terminal>
  <cim:Terminal rdf:about="#_6738efe0-e18f-11eb-a668-74e5f963e191">
    <cim:Terminal.TopologicalNode rdf:resource="#_6738efe3-e18f-11eb-a668-74e5f963e191" />
  </cim:Terminal>
  <cim:Terminal rdf:about="#_6738efef-e18f-11eb-a668-74e5f963e191">
    <cim:Terminal.TopologicalNode rdf:resource="#_6738eff2-e18f-11eb-a668-74e5f963e191" />
  </cim:Terminal>
  <cim:Terminal rdf:about="#_6738effd-e18f-11eb-a668-74e5f963e191">
    <cim:Terminal.TopologicalNode rdf:resource="#_6738f000-e18f-11eb-a668-74e5f963e191" />
  </cim:Terminal>
  <cim:Terminal rdf:about="#_6738f00f-e18f-11eb-a668-74e5f963e191">
    <cim:Terminal.TopologicalNode rdf:resource="#_6738efe3-e18f-11eb-a668-74e5f963e191" />
  </cim:Terminal>
  <cim:Terminal rdf:about="#_6738f018-e18f-11eb-a668-74e5f963e191">
    <cim:Terminal.TopologicalNode rdf:resource="#_6738efc6-e18f-11eb-a668-74e5f963e191" />
  </cim:Terminal>
  <cim:Terminal rdf:about="#_6738f020-e18f-11eb-a668-74e5f963e191">
    <cim:Terminal.TopologicalNode rdf:resource="#_6738eff2-e18f-11eb-a668-74e5f963e191" />
  </cim:Terminal>
  <cim:Terminal rdf:about="#_6738f024-e18f-11eb-a668-74e5f963e191">
    <cim:Terminal.TopologicalNode rdf:resource="#_6738efc6-e18f-11eb-a668-74e5f963e191" />
  </cim:Terminal>
  <cim:Terminal rdf:about="#_6738f025-e18f-11eb-a668-74e5f963e191">
    <cim:Terminal.TopologicalNode rdf:resource="#_6738efe3-e18f-11eb-a668-74e5f963e191" />
  </cim:Terminal>
  <cim:Terminal rdf:about="#_6738f028-e18f-11eb-a668-74e5f963e191">
    <cim:Terminal.TopologicalNode rdf:resource="#_6738efe3-e18f-11eb-a668-74e5f963e191" />
  </cim:Terminal>
  <cim:Terminal rdf:about="#_6738f029-e18f-11eb-a668-74e5f963e191">
    <cim:Terminal.TopologicalNode rdf:resource="#_6738eff2-e18f-11eb-a668-74e5f963e191" />
  </cim:Terminal>
  <cim:Terminal rdf:about="#_6738f02c-e18f-11eb-a668-74e5f963e191">
    <cim:Terminal.TopologicalNode rdf:resource="#_6738efe3-e18f-11eb-a668-74e5f963e191" />
  </cim:Terminal>
  <cim:Terminal rdf:about="#_6738f02d-e18f-11eb-a668-74e5f963e191">
    <cim:Terminal.TopologicalNode rdf:resource="#_6738f000-e18f-11eb-a668-74e5f963e191" />
  </cim:Terminal>
  <cim:Terminal rdf:about="#_6738f030-e18f-11eb-a668-74e5f963e191">
    <cim:Terminal.TopologicalNode rdf:resource="#_6738eff2-e18f-11eb-a668-74e5f963e191" />
  </cim:Terminal>
  <cim:Terminal rdf:about="#_6738f031-e18f-11eb-a668-74e5f963e191">
    <cim:Terminal.TopologicalNode rdf:resource="#_6738f000-e18f-11eb-a668-74e5f963e191" />
  </cim:Terminal>
  <cim:TopologicalNode rdf:ID="_6738efc6-e18f-11eb-a668-74e5f963e191">
    <cim:TopologicalNode.BaseVoltage rdf:resource="#_6738efcd-e18f-11eb-a668-74e5f963e191" />
    <cim:TopologicalNode.ConnectivityNodeContainer rdf:resource="#_6738efcc-e18f-11eb-a668-74e5f963e191" />
    <cim:IdentifiedObject.description>GEN01</cim:IdentifiedObject.description>
    <cim:IdentifiedObject.name>GEN01</cim:IdentifiedObject.name>
  </cim:TopologicalNode>
  <cim:TopologicalNode rdf:ID="_6738efe3-e18f-11eb-a668-74e5f963e191">
    <cim:TopologicalNode.BaseVoltage rdf:resource="#_6738efcd-e18f-11eb-a668-74e5f963e191" />
    <cim:TopologicalNode.ConnectivityNodeContainer rdf:resource="#_6738efe5-e18f-11eb-a668-74e5f963e191" />
    <cim:IdentifiedObject.description>LOAD</cim:IdentifiedObject.description>
    <cim:IdentifiedObject.name>LOAD</cim:IdentifiedObject.name>
  </cim:TopologicalNode>
  <cim:TopologicalNode rdf:ID="_6738eff2-e18f-11eb-a668-74e5f963e191">
    <cim:TopologicalNode.BaseVoltage rdf:resource="#_6738efcd-e18f-11eb-a668-74e5f963e191" />
    <cim:TopologicalNode.ConnectivityNodeContainer rdf:resource="#_6738efcc-e18f-11eb-a668-74e5f963e191" />
    <cim:IdentifiedObject.description>GEN02</cim:IdentifiedObject.description>
    <cim:IdentifiedObject.name>GEN02</cim:IdentifiedObject.name>
  </cim:TopologicalNode>
  <cim:TopologicalNode rdf:ID="_6738f000-e18f-11eb-a668-74e5f963e191">
    <cim:TopologicalNode.BaseVoltage rdf:resource="#_6738efcd-e18f-11eb-a668-74e5f963e191" />
    <cim:TopologicalNode.ConnectivityNodeContainer rdf:resource="#_6738f002-e18f-11eb-a668-74e5f963e191" />
    <cim:IdentifiedObject.description>FAULT</cim:IdentifiedObject.description>
    <cim:IdentifiedObject.name>FAULT</cim:IdentifiedObject.name>
  </cim:TopologicalNode>
</rdf:RDF>