<?xml version="1.0" encoding="utf-8"?>
<rdf:RDF xmlns:rdf="http://www.w3.org/1999/02/22-rdf-syntax-ns#" xmlns:cim="http://iec.ch/TC57/2013/CIM-schema-cim16#" xmlns:entsoe="http://entsoe.eu/CIM/SchemaExtension/3/1#" xmlns:entsoe2="http://entsoe.eu/CIM/SchemaExtension/3/2#" xmlns:md="http://iec.ch/TC57/61970-552/ModelDescription/1#">
  <md:FullModel rdf:about="urn:uuid:396c4944-e190-11eb-a668-74e5f963e191">
    <md:Model.created>2021-07-10T15:05:20Z</md:Model.created>
    <md:Model.scenarioTime>2021-07-10T15:05:20Z</md:Model.scenarioTime>
    <md:Model.version>1</md:Model.version>
    <md:Model.description />
    <md:Model.modelingAuthoritySet>http://www.smib_wt4e1.com/smib_wt4e1</md:Model.modelingAuthoritySet>
    <md:Model.profile>http://entsoe.eu/CIM/Dynamics/3/1</md:Model.profile>
  </md:FullModel>
  <cim:SynchronousMachineSimplified rdf:ID="_0e072c1a-e190-11eb-a668-74e5f963e191">
    <cim:SynchronousMachineDynamics.SynchronousMachine rdf:resource="#_feebc224-e18f-11eb-a668-74e5f963e191" />
    <cim:RotatingMachineDynamics.damping>0</cim:RotatingMachineDynamics.damping>
    <cim:RotatingMachineDynamics.inertia>0</cim:RotatingMachineDynamics.inertia>
    <cim:RotatingMachineDynamics.saturationFactor>0</cim:RotatingMachineDynamics.saturationFactor>
    <cim:RotatingMachineDynamics.saturationFactor120>0</cim:RotatingMachineDynamics.saturationFactor120>
    <cim:DynamicsFunctionBlock.enabled>true</cim:DynamicsFunctionBlock.enabled>
    <cim:IdentifiedObject.name>GENCLS</cim:IdentifiedObject.name>
  </cim:SynchronousMachineSimplified>
</rdf:RDF>