<?xml version="1.0" encoding="utf-8"?>
<rdf:RDF xmlns:rdf="http://www.w3.org/1999/02/22-rdf-syntax-ns#" xmlns:cim="http://iec.ch/TC57/2013/CIM-schema-cim16#" xmlns:entsoe="http://entsoe.eu/CIM/SchemaExtension/3/1#" xmlns:entsoe2="http://entsoe.eu/CIM/SchemaExtension/3/2#" xmlns:md="http://iec.ch/TC57/61970-552/ModelDescription/1#">
  <md:FullModel rdf:about="urn:uuid:865ed7e0-e18e-11eb-a668-74e5f963e191">
    <md:Model.created>2021-07-10T14:53:08Z</md:Model.created>
    <md:Model.scenarioTime>2021-07-10T14:50:53Z</md:Model.scenarioTime>
    <md:Model.version>0</md:Model.version>
    <md:Model.description />
    <md:Model.modelingAuthoritySet>http://www.smib_hygov.com/smib_hygov</md:Model.modelingAuthoritySet>
    <md:Model.profile>http://entsoe.eu/CIM/Topology/4/1</md:Model.profile>
  </md:FullModel>
  <cim:ConnectivityNode rdf:about="#_3952aebf-e18e-11eb-a668-74e5f963e191">
    <cim:ConnectivityNode.TopologicalNode rdf:resource="#_3952aec1-e18e-11eb-a668-74e5f963e191" />
  </cim:ConnectivityNode>
  <cim:ConnectivityNode rdf:about="#_3952aedc-e18e-11eb-a668-74e5f963e191">
    <cim:ConnectivityNode.TopologicalNode rdf:resource="#_3952aede-e18e-11eb-a668-74e5f963e191" />
  </cim:ConnectivityNode>
  <cim:ConnectivityNode rdf:about="#_3952aeeb-e18e-11eb-a668-74e5f963e191">
    <cim:ConnectivityNode.TopologicalNode rdf:resource="#_3952aeed-e18e-11eb-a668-74e5f963e191" />
  </cim:ConnectivityNode>
  <cim:ConnectivityNode rdf:about="#_3952aef9-e18e-11eb-a668-74e5f963e191">
    <cim:ConnectivityNode.TopologicalNode rdf:resource="#_3952aefb-e18e-11eb-a668-74e5f963e191" />
  </cim:ConnectivityNode>
  <cim:Terminal rdf:about="#_3952aebe-e18e-11eb-a668-74e5f963e191">
    <cim:Terminal.TopologicalNode rdf:resource="#_3952aec1-e18e-11eb-a668-74e5f963e191" />
  </cim:Terminal>
  <cim:Terminal rdf:about="#_3952aedb-e18e-11eb-a668-74e5f963e191">
    <cim:Terminal.TopologicalNode rdf:resource="#_3952aede-e18e-11eb-a668-74e5f963e191" />
  </cim:Terminal>
  <cim:Terminal rdf:about="#_3952aeea-e18e-11eb-a668-74e5f963e191">
    <cim:Terminal.TopologicalNode rdf:resource="#_3952aeed-e18e-11eb-a668-74e5f963e191" />
  </cim:Terminal>
  <cim:Terminal rdf:about="#_3952aef8-e18e-11eb-a668-74e5f963e191">
    <cim:Terminal.TopologicalNode rdf:resource="#_3952aefb-e18e-11eb-a668-74e5f963e191" />
  </cim:Terminal>
  <cim:Terminal rdf:about="#_3952af0a-e18e-11eb-a668-74e5f963e191">
    <cim:Terminal.TopologicalNode rdf:resource="#_3952aede-e18e-11eb-a668-74e5f963e191" />
  </cim:Terminal>
  <cim:Terminal rdf:about="#_3952af13-e18e-11eb-a668-74e5f963e191">
    <cim:Terminal.TopologicalNode rdf:resource="#_3952aec1-e18e-11eb-a668-74e5f963e191" />
  </cim:Terminal>
  <cim:Terminal rdf:about="#_3952af1b-e18e-11eb-a668-74e5f963e191">
    <cim:Terminal.TopologicalNode rdf:resource="#_3952aeed-e18e-11eb-a668-74e5f963e191" />
  </cim:Terminal>
  <cim:Terminal rdf:about="#_3952af1f-e18e-11eb-a668-74e5f963e191">
    <cim:Terminal.TopologicalNode rdf:resource="#_3952aec1-e18e-11eb-a668-74e5f963e191" />
  </cim:Terminal>
  <cim:Terminal rdf:about="#_3952af20-e18e-11eb-a668-74e5f963e191">
    <cim:Terminal.TopologicalNode rdf:resource="#_3952aede-e18e-11eb-a668-74e5f963e191" />
  </cim:Terminal>
  <cim:Terminal rdf:about="#_3952af23-e18e-11eb-a668-74e5f963e191">
    <cim:Terminal.TopologicalNode rdf:resource="#_3952aede-e18e-11eb-a668-74e5f963e191" />
  </cim:Terminal>
  <cim:Terminal rdf:about="#_3952af24-e18e-11eb-a668-74e5f963e191">
    <cim:Terminal.TopologicalNode rdf:resource="#_3952aeed-e18e-11eb-a668-74e5f963e191" />
  </cim:Terminal>
  <cim:Terminal rdf:about="#_3952af27-e18e-11eb-a668-74e5f963e191">
    <cim:Terminal.TopologicalNode rdf:resource="#_3952aede-e18e-11eb-a668-74e5f963e191" />
  </cim:Terminal>
  <cim:Terminal rdf:about="#_3952af28-e18e-11eb-a668-74e5f963e191">
    <cim:Terminal.TopologicalNode rdf:resource="#_3952aefb-e18e-11eb-a668-74e5f963e191" />
  </cim:Terminal>
  <cim:Terminal rdf:about="#_3952af2b-e18e-11eb-a668-74e5f963e191">
    <cim:Terminal.TopologicalNode rdf:resource="#_3952aeed-e18e-11eb-a668-74e5f963e191" />
  </cim:Terminal>
  <cim:Terminal rdf:about="#_3952af2c-e18e-11eb-a668-74e5f963e191">
    <cim:Terminal.TopologicalNode rdf:resource="#_3952aefb-e18e-11eb-a668-74e5f963e191" />
  </cim:Terminal>
  <cim:TopologicalNode rdf:ID="_3952aec1-e18e-11eb-a668-74e5f963e191">
    <cim:TopologicalNode.BaseVoltage rdf:resource="#_3952aec8-e18e-11eb-a668-74e5f963e191" />
    <cim:TopologicalNode.ConnectivityNodeContainer rdf:resource="#_3952aec7-e18e-11eb-a668-74e5f963e191" />
    <cim:IdentifiedObject.description>GEN01</cim:IdentifiedObject.description>
    <cim:IdentifiedObject.name>GEN01</cim:IdentifiedObject.name>
  </cim:TopologicalNode>
  <cim:TopologicalNode rdf:ID="_3952aede-e18e-11eb-a668-74e5f963e191">
    <cim:TopologicalNode.BaseVoltage rdf:resource="#_3952aec8-e18e-11eb-a668-74e5f963e191" />
    <cim:TopologicalNode.ConnectivityNodeContainer rdf:resource="#_3952aee0-e18e-11eb-a668-74e5f963e191" />
    <cim:IdentifiedObject.description>LOAD</cim:IdentifiedObject.description>
    <cim:IdentifiedObject.name>LOAD</cim:IdentifiedObject.name>
  </cim:TopologicalNode>
  <cim:TopologicalNode rdf:ID="_3952aeed-e18e-11eb-a668-74e5f963e191">
    <cim:TopologicalNode.BaseVoltage rdf:resource="#_3952aec8-e18e-11eb-a668-74e5f963e191" />
    <cim:TopologicalNode.ConnectivityNodeContainer rdf:resource="#_3952aec7-e18e-11eb-a668-74e5f963e191" />
    <cim:IdentifiedObject.description>GEN02</cim:IdentifiedObject.description>
    <cim:IdentifiedObject.name>GEN02</cim:IdentifiedObject.name>
  </cim:TopologicalNode>
  <cim:TopologicalNode rdf:ID="_3952aefb-e18e-11eb-a668-74e5f963e191">
    <cim:TopologicalNode.BaseVoltage rdf:resource="#_3952aec8-e18e-11eb-a668-74e5f963e191" />
    <cim:TopologicalNode.ConnectivityNodeContainer rdf:resource="#_3952aefd-e18e-11eb-a668-74e5f963e191" />
    <cim:IdentifiedObject.description>FAULT</cim:IdentifiedObject.description>
    <cim:IdentifiedObject.name>FAULT</cim:IdentifiedObject.name>
  </cim:TopologicalNode>
</rdf:RDF>