Time,wT4E1.P,wT4E1.Q,wT4G1.P,wT4G1.Q,GEN1.V,FAULT.V,GEN2.V
0.0,0.015000002,-0.05665801,0.015000002,-0.05665801,1.0000001,1.0001042,1.0000001
0.02,0.015000002,-0.05665801,0.015000002,-0.05665801,1.0000001,1.0001042,1.0000001
0.04,0.015000002,-0.05665801,0.015000002,-0.05665801,1.0000001,1.0001042,1.0000001
0.06,0.015000002,-0.05665801,0.015000002,-0.05665801,1.0000001,1.0001042,1.0000001
0.08,0.015000002,-0.05665801,0.015000002,-0.05665801,1.0000001,1.0001042,1.0000001
0.1,0.015000002,-0.05665801,0.015000002,-0.05665801,1.0000001,1.0001042,1.0000001
0.12,0.015000002,-0.05665801,0.015000002,-0.05665801,1.0000001,1.0001042,1.0000001
0.14,0.015000002,-0.05665801,0.015000002,-0.05665801,1.0000001,1.0001042,1.0000001
0.16,0.015000002,-0.05665801,0.015000002,-0.05665801,1.0000001,1.0001042,1.0000001
0.18,0.015000002,-0.05665801,0.015000002,-0.05665801,1.0000001,1.0001042,1.0000001
0.2,0.015000002,-0.05665801,0.015000002,-0.05665801,1.0000001,1.0001042,1.0000001
0.22,0.015000002,-0.05665801,0.015000002,-0.05665801,1.0000001,1.0001042,1.0000001
0.24,0.015000002,-0.05665801,0.015000002,-0.05665801,1.0000001,1.0001042,1.0000001
0.26,0.015000002,-0.05665801,0.015000002,-0.05665801,1.0000001,1.0001042,1.0000001
0.28,0.015000002,-0.05665801,0.015000002,-0.05665801,1.0000001,1.0001042,1.0000001
0.3,0.015000002,-0.05665801,0.015000002,-0.05665801,1.0000001,1.0001042,1.0000001
0.32,0.015000002,-0.05665801,0.015000002,-0.05665801,1.0000001,1.0001042,1.0000001
0.34,0.015000002,-0.05665801,0.015000002,-0.05665801,1.0000001,1.0001042,1.0000001
0.36,0.015000002,-0.05665801,0.015000002,-0.05665801,1.0000001,1.0001042,1.0000001
0.38,0.015000002,-0.05665801,0.015000002,-0.05665801,1.0000001,1.0001042,1.0000001
0.4,0.015000002,-0.05665801,0.015000002,-0.05665801,1.0000001,1.0001042,1.0000001
0.42,0.015000002,-0.05665801,0.015000002,-0.05665801,1.0000001,1.0001042,1.0000001
0.44,0.015000002,-0.05665801,0.015000002,-0.05665801,1.0000001,1.0001042,1.0000001
0.46,0.015000002,-0.05665801,0.015000002,-0.05665801,1.0000001,1.0001042,1.0000001
0.48,0.015000002,-0.05665801,0.015000002,-0.05665801,1.0000001,1.0001042,1.0000001
0.5,0.015000002,-0.05665801,0.015000002,-0.05665801,1.0000001,1.0001042,1.0000001
0.52,0.015000002,-0.05665801,0.015000002,-0.05665801,1.0000001,1.0001042,1.0000001
0.54,0.015000002,-0.05665801,0.015000002,-0.05665801,1.0000001,1.0001042,1.0000001
0.56,0.015000002,-0.05665801,0.015000002,-0.05665801,1.0000001,1.0001042,1.0000001
0.58,0.015000002,-0.05665801,0.015000002,-0.05665801,1.0000001,1.0001042,1.0000001
0.6,0.015000002,-0.05665801,0.015000002,-0.05665801,1.0000001,1.0001042,1.0000001
0.62,0.015000002,-0.05665801,0.015000002,-0.05665801,1.0000001,1.0001042,1.0000001
0.64,0.015000002,-0.05665801,0.015000002,-0.05665801,1.0000001,1.0001042,1.0000001
0.66,0.015000002,-0.05665801,0.015000002,-0.05665801,1.0000001,1.0001042,1.0000001
0.68,0.015000002,-0.05665801,0.015000002,-0.05665801,1.0000001,1.0001042,1.0000001
0.7,0.015000002,-0.05665801,0.015000002,-0.05665801,1.0000001,1.0001042,1.0000001
0.72,0.015000002,-0.05665801,0.015000002,-0.05665801,1.0000001,1.0001042,1.0000001
0.74,0.015000002,-0.05665801,0.015000002,-0.05665801,1.0000001,1.0001042,1.0000001
0.76,0.015000002,-0.05665801,0.015000002,-0.05665801,1.0000001,1.0001042,1.0000001
0.78,0.015000002,-0.05665801,0.015000002,-0.05665801,1.0000001,1.0001042,1.0000001
0.8,0.015000002,-0.05665801,0.015000002,-0.05665801,1.0000001,1.0001042,1.0000001
0.82,0.015000002,-0.05665801,0.015000002,-0.05665801,1.0000001,1.0001042,1.0000001
0.84,0.015000002,-0.05665801,0.015000002,-0.05665801,1.0000001,1.0001042,1.0000001
0.86,0.015000002,-0.05665801,0.015000002,-0.05665801,1.0000001,1.0001042,1.0000001
0.88,0.015000002,-0.05665801,0.015000002,-0.05665801,1.0000001,1.0001042,1.0000001
0.9,0.015000002,-0.05665801,0.015000002,-0.05665801,1.0000001,1.0001042,1.0000001
0.92,0.015000002,-0.05665801,0.015000002,-0.05665801,1.0000001,1.0001042,1.0000001
0.94,0.015000002,-0.05665801,0.015000002,-0.05665801,1.0000001,1.0001042,1.0000001
0.96,0.015000002,-0.05665801,0.015000002,-0.05665801,1.0000001,1.0001042,1.0000001
0.98,0.015000002,-0.05665801,0.015000002,-0.05665801,1.0000001,1.0001042,1.0000001
1.0,0.015000002,-0.05665801,0.015000002,-0.05665801,1.0000001,1.0001042,1.0000001
1.02,0.015000002,-0.05665801,0.015000002,-0.05665801,1.0000001,1.0001042,1.0000001
1.04,0.015000002,-0.05665801,0.015000002,-0.05665801,1.0000001,1.0001042,1.0000001
1.06,0.015000002,-0.05665801,0.015000002,-0.05665801,1.0000001,1.0001042,1.0000001
1.08,0.015000002,-0.05665801,0.015000002,-0.05665801,1.0000001,1.0001042,1.0000001
1.1,0.015000002,-0.05665801,0.015000002,-0.05665801,1.0000001,1.0001042,1.0000001
1.12,0.015000002,-0.05665801,0.015000002,-0.05665801,1.0000001,1.0001042,1.0000001
1.14,0.015000002,-0.05665801,0.015000002,-0.05665801,1.0000001,1.0001042,1.0000001
1.16,0.015000002,-0.05665801,0.015000002,-0.05665801,1.0000001,1.0001042,1.0000001
1.18,0.015000002,-0.05665801,0.015000002,-0.05665801,1.0000001,1.0001042,1.0000001
1.2,0.015000002,-0.05665801,0.015000002,-0.05665801,1.0000001,1.0001042,1.0000001
1.22,0.015000002,-0.05665801,0.015000002,-0.05665801,1.0000001,1.0001042,1.0000001
1.24,0.015000002,-0.05665801,0.015000002,-0.05665801,1.0000001,1.0001042,1.0000001
1.26,0.015000002,-0.05665801,0.015000002,-0.05665801,1.0000001,1.0001042,1.0000001
1.28,0.015000002,-0.05665801,0.015000002,-0.05665801,1.0000001,1.0001042,1.0000001
1.3,0.015000002,-0.05665801,0.015000002,-0.05665801,1.0000001,1.0001042,1.0000001
1.32,0.015000002,-0.05665801,0.015000002,-0.05665801,1.0000001,1.0001042,1.0000001
1.34,0.015000002,-0.05665801,0.015000002,-0.05665801,1.0000001,1.0001042,1.0000001
1.36,0.015000002,-0.05665801,0.015000002,-0.05665801,1.0000001,1.0001042,1.0000001
1.38,0.015000002,-0.05665801,0.015000002,-0.05665801,1.0000001,1.0001042,1.0000001
1.4,0.015000002,-0.05665801,0.015000002,-0.05665801,1.0000001,1.0001042,1.0000001
1.42,0.015000002,-0.05665801,0.015000002,-0.05665801,1.0000001,1.0001042,1.0000001
1.44,0.015000002,-0.05665801,0.015000002,-0.05665801,1.0000001,1.0001042,1.0000001
1.46,0.015000002,-0.05665801,0.015000002,-0.05665801,1.0000001,1.0001042,1.0000001
1.48,0.015000002,-0.05665801,0.015000002,-0.05665801,1.0000001,1.0001042,1.0000001
1.5,0.015000002,-0.05665801,0.015000002,-0.05665801,1.0000001,1.0001042,1.0000001
1.52,0.015000002,-0.05665801,0.015000002,-0.05665801,1.0000001,1.0001042,1.0000001
1.54,0.015000002,-0.05665801,0.015000002,-0.05665801,1.0000001,1.0001042,1.0000001
1.56,0.015000002,-0.05665801,0.015000002,-0.05665801,1.0000001,1.0001042,1.0000001
1.58,0.015000002,-0.05665801,0.015000002,-0.05665801,1.0000001,1.0001042,1.0000001
1.6,0.015000002,-0.05665801,0.015000002,-0.05665801,1.0000001,1.0001042,1.0000001
1.62,0.015000002,-0.05665801,0.015000002,-0.05665801,1.0000001,1.0001042,1.0000001
1.64,0.015000002,-0.05665801,0.015000002,-0.05665801,1.0000001,1.0001042,1.0000001
1.66,0.015000002,-0.05665801,0.015000002,-0.05665801,1.0000001,1.0001042,1.0000001
1.68,0.015000002,-0.05665801,0.015000002,-0.05665801,1.0000001,1.0001042,1.0000001
1.7,0.015000002,-0.05665801,0.015000002,-0.05665801,1.0000001,1.0001042,1.0000001
1.72,0.015000002,-0.05665801,0.015000002,-0.05665801,1.0000001,1.0001042,1.0000001
1.74,0.015000002,-0.05665801,0.015000002,-0.05665801,1.0000001,1.0001042,1.0000001
1.76,0.015000002,-0.05665801,0.015000002,-0.05665801,1.0000001,1.0001042,1.0000001
1.78,0.015000002,-0.05665801,0.015000002,-0.05665801,1.0000001,1.0001042,1.0000001
1.8,0.015000002,-0.05665801,0.015000002,-0.05665801,1.0000001,1.0001042,1.0000001
1.82,0.015000002,-0.05665801,0.015000002,-0.05665801,1.0000001,1.0001042,1.0000001
1.84,0.015000002,-0.05665801,0.015000002,-0.05665801,1.0000001,1.0001042,1.0000001
1.86,0.015000002,-0.05665801,0.015000002,-0.05665801,1.0000001,1.0001042,1.0000001
1.88,0.015000002,-0.05665801,0.015000002,-0.05665801,1.0000001,1.0001042,1.0000001
1.9,0.015000002,-0.05665801,0.015000002,-0.05665801,1.0000001,1.0001042,1.0000001
1.92,0.015000002,-0.05665801,0.015000002,-0.05665801,1.0000001,1.0001042,1.0000001
1.94,0.015000002,-0.05665801,0.015000002,-0.05665801,1.0000001,1.0001042,1.0000001
1.96,0.015000002,-0.05665801,0.015000002,-0.05665801,1.0000001,1.0001042,1.0000001
1.98,0.015000002,-0.05665801,0.015000002,-0.05665801,1.0000001,1.0001042,1.0000001
2.0,0.015000002,-0.05665801,0.015000002,-0.05665801,1.0000001,1.0001042,1.0000001
2.0,0.012043753,-0.045491662,0.012043753,-0.045491662,0.80291677,0.8030209,0.8231156
2.0149574,0.013837799,0.037358787,0.013837799,0.037358787,0.8206281,0.8204721,0.8396918
2.0149574,0.013837799,0.037358787,0.013837799,0.037358787,0.8206281,0.8204721,0.8396918
2.02,0.014274691,0.092543006,0.014274691,0.092543006,0.8319703,0.83164936,0.85031796
2.033213,0.015083503,0.27054992,0.015083503,0.27054992,0.8665786,0.86575484,0.88275075
2.033213,0.015083503,0.27054992,0.015083503,0.27054992,0.8665786,0.86575484,0.88275075
2.04,0.01528935,0.35353792,0.01528935,0.35353792,0.8818212,0.8807761,0.897038
2.0561726,0.015345049,0.4597752,0.015345049,0.4597752,0.90061885,0.8993008,0.9146602
2.0561726,0.015345049,0.4597752,0.015345049,0.4597752,0.90061885,0.8993008,0.9146602
2.06,0.0153236175,0.47349,0.0153236175,0.47349,0.90299076,0.9016383,0.9168842
2.08,0.015185815,0.51135576,0.015185815,0.51135576,0.909476,0.9080297,0.9229659
2.0806694,0.015181595,0.51199085,0.015181595,0.51199085,0.9095839,0.908136,0.92306715
2.0806694,0.015181595,0.51199085,0.015181595,0.51199085,0.9095839,0.908136,0.92306715
2.1,0.015088076,0.52275026,0.015088076,0.52275026,0.9114081,0.9099339,0.9247785
2.12,0.015038587,0.52605927,0.015038587,0.52605927,0.91196686,0.9104846,0.9253029
2.14,0.015017019,0.5270367,0.015017019,0.5270367,0.9121315,0.91064686,0.9254575
2.15,0.015011502,0.5272639,0.015011502,0.5272639,0.9121697,0.9106846,0.9254934
2.15,0.018748203,0.6585117,0.018748203,0.6585117,1.1392292,1.1377438,1.1296368
2.15,0.018748203,0.6585117,0.018748203,0.6585117,1.1392292,1.1377438,1.1296368
2.15,0.018748203,0.6585117,0.018748203,0.6585117,1.1392292,1.1377438,1.1296368
2.16,0.0168967,0.4920783,0.0168967,0.4920783,1.1096957,1.1085496,1.1021453
2.18,0.015158744,0.19216543,0.015158744,0.19216543,1.0524744,1.051982,1.0488666
2.2,0.01469164,-0.0011837778,0.01469164,-0.0011837778,1.0121669,1.0121335,1.0113342
2.2167244,0.014680761,-0.08578765,0.014680761,-0.08578765,0.99348223,0.9936612,0.99393535
2.2167244,0.014680761,-0.08578765,0.014680761,-0.08578765,0.99348223,0.9936612,0.99393535
2.2167244,0.014680761,-0.08578765,0.014680761,-0.08578765,0.99348223,0.9936612,0.99393535
2.2167244,0.014680761,-0.08578765,0.014680761,-0.08578765,0.99348223,0.9936612,0.99393535
2.22,0.014696227,-0.096010834,0.014696227,-0.096010834,0.99117583,0.991381,0.99178755
2.24,0.01482822,-0.12650144,0.01482822,-0.12650144,0.98423207,0.9845158,0.9853201
2.2487674,0.0148869045,-0.1274353,0.0148869045,-0.1274353,0.9840186,0.9843046,0.98512053
2.2487674,0.0148869045,-0.1274353,0.0148869045,-0.1274353,0.9840186,0.9843046,0.98512053
2.26,0.01494951,-0.12242462,0.01494951,-0.12242462,0.9851684,0.9854412,0.9861902
2.28,0.015020992,-0.105113275,0.015020992,-0.105113275,0.98911756,0.9893453,0.98986644
2.3,0.015048414,-0.08594878,0.015048414,-0.08594878,0.99345136,0.9936298,0.99390143
2.32,0.015049018,-0.070333466,0.015049018,-0.070333466,0.99695385,0.99709255,0.9971628
2.34,0.015039099,-0.059245545,0.015039099,-0.059245545,0.9994256,0.99953616,0.9994646
2.36,0.015028293,-0.05158562,0.015028293,-0.05158562,1.0011258,1.0012171,1.001048
2.38,0.015020454,-0.04594862,0.015020454,-0.04594862,1.0023733,1.0024505,1.0022098
2.4,0.015015782,-0.041223336,0.015015782,-0.041223336,1.0034167,1.003482,1.0031815
2.42,0.015013249,-0.036835775,0.015013249,-0.036835775,1.0043836,1.0044379,1.0040818
2.44,0.015011875,-0.032621913,0.015011875,-0.032621913,1.0053104,1.0053542,1.0049449
2.46,0.015011,-0.02858753,0.015011,-0.02858753,1.0061961,1.0062299,1.0057697
2.48,0.015010222,-0.02478257,0.015010222,-0.02478257,1.00703,1.0070543,1.0065463
2.5,0.015009393,-0.021264559,0.015009393,-0.021264559,1.0077999,1.0078154,1.0072631
2.52,0.015008416,-0.018087024,0.015008416,-0.018087024,1.0084941,1.0085018,1.0079097
2.54,0.0150072565,-0.015290547,0.0150072565,-0.015290547,1.0091044,1.0091051,1.0084779
2.56,0.015005962,-0.012898363,0.015005962,-0.012898363,1.0096258,1.0096205,1.0089635
2.58,0.015004623,-0.01092421,0.015004623,-0.01092421,1.0100557,1.0100455,1.0093638
2.6,0.015003309,-0.009344688,0.015003309,-0.009344688,1.0103993,1.0103853,1.0096838
2.62,0.015002065,-0.008157175,0.015002065,-0.008157175,1.0106575,1.0106406,1.0099244
2.64,0.015000904,-0.007328686,0.015000904,-0.007328686,1.0108376,1.0108186,1.010092
2.66,0.014999841,-0.0068419967,0.014999841,-0.0068419967,1.0109433,1.0109231,1.0101906
2.6609182,0.014999795,-0.0068274275,0.014999795,-0.0068274275,1.0109465,1.0109262,1.0101935
2.6609182,0.014999795,-0.0068274275,0.014999795,-0.0068274275,1.0109465,1.0109262,1.0101935
2.6609182,0.014999795,-0.0068274275,0.014999795,-0.0068274275,1.0109465,1.0109262,1.0101935
2.6609182,0.014999795,-0.0068274275,0.014999795,-0.0068274275,1.0109465,1.0109262,1.0101935
2.68,0.014998855,-0.006669615,0.014998855,-0.006669615,1.0109807,1.0109602,1.0102254
2.7,0.014997917,-0.0067937593,0.014997917,-0.0067937593,1.0109538,1.0109335,1.0102003
2.72,0.014997032,-0.0071881087,0.014997032,-0.0071881087,1.0108681,1.0108488,1.0101205
2.74,0.014996199,-0.007851139,0.014996199,-0.007851139,1.010724,1.0107063,1.0099863
2.76,0.014995426,-0.0087467795,0.014995426,-0.0087467795,1.0105293,1.0105138,1.009805
2.78,0.01499471,-0.009883231,0.01499471,-0.009883231,1.010282,1.0102694,1.0095748
2.8,0.014994058,-0.011209805,0.014994058,-0.011209805,1.0099933,1.0099839,1.009306
2.82,0.014993468,-0.012737884,0.014993468,-0.012737884,1.0096605,1.0096549,1.008996
2.84,0.014992943,-0.014416154,0.014992943,-0.014416154,1.0092947,1.0092933,1.0086554
2.86,0.014992481,-0.016257994,0.014992481,-0.016257994,1.0088931,1.0088962,1.0082815
2.88,0.014992082,-0.018225193,0.014992082,-0.018225193,1.0084637,1.0084717,1.0078815
2.9,0.014991744,-0.020307582,0.014991744,-0.020307582,1.0080088,1.008022,1.007458
2.92,0.014991467,-0.022479111,0.014991467,-0.022479111,1.0075339,1.0075525,1.0070157
2.94,0.014991248,-0.024721619,0.014991248,-0.024721619,1.0070431,1.0070673,1.0065587
2.96,0.014991085,-0.027016466,0.014991085,-0.027016466,1.0065403,1.0065702,1.0060905
2.98,0.014990975,-0.029344881,0.014990975,-0.029344881,1.0060297,1.0060654,1.005615
3.0,0.014990916,-0.03169235,0.014990916,-0.03169235,1.0055143,1.0055559,1.005135
3.02,0.014990903,-0.034041964,0.014990903,-0.034041964,1.004998,1.0050453,1.0046542
3.04,0.014990937,-0.036381282,0.014990937,-0.036381282,1.0044833,1.0045365,1.004175
3.06,0.014991013,-0.0386954,0.014991013,-0.0386954,1.0039737,1.0040327,1.0037004
3.08,0.014991129,-0.040973347,0.014991129,-0.040973347,1.0034715,1.0035362,1.0032328
3.1,0.014991281,-0.043203227,0.014991281,-0.043203227,1.0029794,1.0030497,1.0027746
3.12,0.014991467,-0.04537458,0.014991467,-0.04537458,1.0024998,1.0025756,1.0023279
3.14,0.014991684,-0.047478512,0.014991684,-0.047478512,1.0020347,1.0021157,1.0018948
3.16,0.014991928,-0.049507488,0.014991928,-0.049507488,1.0015856,1.0016718,1.0014766
3.18,0.014992197,-0.05145413,0.014992197,-0.05145413,1.0011544,1.0012455,1.0010751
3.2,0.014992487,-0.053312447,0.014992487,-0.053312447,1.0007426,1.0008383,1.0006915
3.22,0.014992795,-0.055076633,0.014992795,-0.055076633,1.0003511,1.0004513,1.0003271
3.24,0.01499312,-0.056741882,0.01499312,-0.056741882,0.99998134,1.0000857,0.9999828
3.26,0.014993457,-0.058305047,0.014993457,-0.058305047,0.999634,0.9997423,0.9996593
3.28,0.014993804,-0.05976355,0.014993804,-0.05976355,0.9993097,0.9994217,0.99935734
3.3,0.0149941575,-0.061114732,0.0149941575,-0.061114732,0.9990091,0.9991245,0.9990774
3.32,0.014994517,-0.06235725,0.014994517,-0.06235725,0.9987325,0.99885106,0.9988198
3.34,0.014994878,-0.06349105,0.014994878,-0.06349105,0.99847996,0.9986014,0.9985846
3.36,0.014995239,-0.06451661,0.014995239,-0.06451661,0.9982514,0.9983754,0.99837184
3.38,0.014995598,-0.065433405,0.014995598,-0.065433405,0.998047,0.99817336,0.99818146
3.4,0.014995954,-0.06624297,0.014995954,-0.06624297,0.99786645,0.99799484,0.9980134
3.42,0.014996304,-0.06694781,0.014996304,-0.06694781,0.9977092,0.9978394,0.9978669
3.44,0.014996646,-0.06755084,0.014996646,-0.06755084,0.9975746,0.99770635,0.9977416
3.46,0.01499698,-0.06805277,0.01499698,-0.06805277,0.9974626,0.99759555,0.9976373
3.48,0.0149973035,-0.0684576,0.0149973035,-0.0684576,0.99737215,0.9975062,0.99755305
3.5,0.014997616,-0.068769574,0.014997616,-0.068769574,0.99730253,0.9974373,0.9974882
3.52,0.014997915,-0.068993196,0.014997915,-0.068993196,0.9972526,0.99738795,0.9974417
3.54,0.014998201,-0.06912993,0.014998201,-0.06912993,0.997222,0.9973578,0.9974133
3.5442908,0.014998261,-0.06914854,0.014998261,-0.06914854,0.9972179,0.9973537,0.9974094
3.5442908,0.014998261,-0.06914854,0.014998261,-0.06914854,0.9972179,0.9973537,0.9974094
3.56,0.014998472,-0.06918716,0.014998472,-0.06918716,0.99720925,0.99734515,0.99740136
3.58,0.014998728,-0.069169335,0.014998728,-0.069169335,0.99721324,0.9973491,0.99740505
3.6,0.014998969,-0.069082014,0.014998969,-0.069082014,0.99723274,0.99736834,0.99742323
3.62,0.014999193,-0.068932034,0.014999193,-0.068932034,0.99726623,0.9974015,0.9974544
3.64,0.014999401,-0.068726376,0.014999401,-0.068726376,0.9973122,0.9974469,0.9974972
3.66,0.014999593,-0.06846222,0.014999593,-0.06846222,0.9973712,0.9975052,0.9975521
3.68,0.014999768,-0.06814629,0.014999768,-0.06814629,0.9974417,0.9975749,0.9976178
3.7,0.014999926,-0.06779149,0.014999926,-0.06779149,0.9975209,0.99765325,0.9976916
3.72,0.015000069,-0.06738887,0.015000069,-0.06738887,0.9976108,0.9977421,0.99777526
3.74,0.015000194,-0.066941686,0.015000194,-0.066941686,0.9977106,0.99784076,0.9978682
3.76,0.015000306,-0.06647606,0.015000306,-0.06647606,0.9978145,0.9979435,0.9979649
3.78,0.015000401,-0.06597714,0.015000401,-0.06597714,0.9979258,0.99805355,0.9980686
3.8,0.01500048,-0.065444894,0.01500048,-0.065444894,0.9980445,0.9981709,0.9981791
3.82,0.015000546,-0.06490608,0.015000546,-0.06490608,0.99816465,0.99828964,0.99829096
3.84,0.015000598,-0.064349875,0.015000598,-0.064349875,0.99828863,0.99841225,0.9984064
3.86,0.015000635,-0.06377443,0.015000635,-0.06377443,0.9984169,0.99853903,0.99852586
3.88,0.015000658,-0.063190565,0.015000658,-0.063190565,0.99854696,0.99866766,0.998647
3.9,0.01500067,-0.06260343,0.01500067,-0.06260343,0.99867773,0.99879694,0.99876875
3.92,0.015000669,-0.06201338,0.015000669,-0.06201338,0.99880916,0.9989268,0.9988911
3.94,0.015000656,-0.06142481,0.015000656,-0.06142481,0.99894017,0.9990564,0.9990131
3.96,0.015000634,-0.06084263,0.015000634,-0.06084263,0.99906975,0.9991845,0.99913377
3.98,0.015000601,-0.060269967,0.015000601,-0.060269967,0.9991972,0.99931043,0.99925244
4.0,0.015000559,-0.059710015,0.015000559,-0.059710015,0.9993217,0.9994336,0.9993684
4.02,0.01500051,-0.059163906,0.01500051,-0.059163906,0.9994432,0.9995537,0.9994815
4.04,0.015000453,-0.058635984,0.015000453,-0.058635984,0.99956053,0.99966973,0.9995908
4.06,0.01500039,-0.058129303,0.01500039,-0.058129303,0.9996732,0.9997811,0.99969566
4.08,0.01500032,-0.057642214,0.01500032,-0.057642214,0.9997814,0.99988806,0.9997965
4.1,0.015000246,-0.05717887,0.015000246,-0.05717887,0.99988437,0.99998987,0.99989235
4.12,0.015000167,-0.056741532,0.015000167,-0.056741532,0.9999815,1.000086,0.99998283
4.14,0.015000085,-0.05632884,0.015000085,-0.05632884,1.0000732,1.0001765,1.0000682
4.16,0.015000001,-0.055942606,0.015000001,-0.055942606,1.0001589,1.0002613,1.000148
4.18,0.014999914,-0.055584677,0.014999914,-0.055584677,1.0002384,1.0003399,1.0002221
4.2,0.014999826,-0.05525495,0.014999826,-0.05525495,1.0003116,1.0004122,1.0002902
4.22,0.014999737,-0.054953102,0.014999737,-0.054953102,1.0003786,1.0004785,1.0003526
4.24,0.014999648,-0.054679792,0.014999648,-0.054679792,1.0004393,1.0005385,1.000409
4.26,0.014999559,-0.054434977,0.014999559,-0.054434977,1.0004936,1.0005921,1.0004597
4.28,0.014999472,-0.054218467,0.014999472,-0.054218467,1.0005416,1.0006397,1.0005044
4.3,0.014999385,-0.054029778,0.014999385,-0.054029778,1.0005835,1.000681,1.0005434
4.32,0.0149993,-0.053868264,0.0149993,-0.053868264,1.0006193,1.0007164,1.0005767
4.34,0.014999217,-0.053733073,0.014999217,-0.053733073,1.0006493,1.0007461,1.0006046
4.36,0.014999138,-0.053623155,0.014999138,-0.053623155,1.0006737,1.0007702,1.0006274
4.38,0.014999061,-0.053537253,0.014999061,-0.053537253,1.0006927,1.000789,1.0006452
4.4,0.014998987,-0.053476784,0.014998987,-0.053476784,1.0007062,1.0008023,1.0006576
4.42,0.014998917,-0.05343928,0.014998917,-0.05343928,1.0007144,1.0008105,1.0006653
4.428264,0.0149988895,-0.053430166,0.0149988895,-0.053430166,1.0007164,1.0008125,1.0006672
4.428264,0.0149988895,-0.053430166,0.0149988895,-0.053430166,1.0007164,1.0008125,1.0006672
4.44,0.01499885,-0.05342151,0.01499885,-0.05342151,1.0007184,1.0008144,1.000669
4.46,0.014998789,-0.05342233,0.014998789,-0.05342233,1.0007182,1.0008142,1.0006689
4.48,0.01499873,-0.053441633,0.01499873,-0.053441633,1.000714,1.00081,1.0006648
4.5,0.014998676,-0.053477217,0.014998676,-0.053477217,1.0007061,1.0008022,1.0006576
4.52,0.014998627,-0.05352942,0.014998627,-0.05352942,1.0006945,1.0007907,1.0006467
4.54,0.014998581,-0.05359299,0.014998581,-0.05359299,1.0006803,1.0007768,1.0006336
4.56,0.014998539,-0.053667936,0.014998539,-0.053667936,1.0006638,1.0007603,1.0006181
4.58,0.014998502,-0.053755272,0.014998502,-0.053755272,1.0006443,1.0007412,1.0006001
4.6,0.0149984695,-0.053855,0.0149984695,-0.053855,1.0006223,1.0007193,1.0005795
4.62,0.014998441,-0.05396711,0.014998441,-0.05396711,1.0005974,1.0006948,1.0005563
4.64,0.014998415,-0.054080617,0.014998415,-0.054080617,1.0005722,1.0006698,1.0005329
4.66,0.014998393,-0.05420235,0.014998393,-0.05420235,1.0005451,1.0006431,1.0005077
4.68,0.014998375,-0.05433256,0.014998375,-0.05433256,1.0005163,1.0006146,1.0004808
4.7,0.014998362,-0.054471247,0.014998362,-0.054471247,1.0004855,1.0005841,1.0004522
4.72,0.014998352,-0.054616358,0.014998352,-0.054616358,1.0004534,1.0005523,1.0004221
4.74,0.014998345,-0.05475678,0.014998345,-0.05475678,1.0004221,1.0005215,1.0003932
4.76,0.014998341,-0.054900724,0.014998341,-0.054900724,1.0003902,1.00049,1.0003633
4.78,0.01499834,-0.055048186,0.01499834,-0.055048186,1.0003575,1.0004576,1.000333
4.8,0.014998344,-0.05519916,0.014998344,-0.05519916,1.000324,1.0004245,1.0003017
4.82,0.014998349,-0.05534974,0.014998349,-0.05534974,1.0002905,1.0003914,1.0002706
4.84,0.014998357,-0.055493977,0.014998357,-0.055493977,1.0002586,1.0003598,1.0002408
4.86,0.014998367,-0.05563751,0.014998367,-0.05563751,1.0002266,1.0003283,1.0002111
4.88,0.014998379,-0.055780336,0.014998379,-0.055780336,1.0001949,1.000297,1.0001816
4.9,0.014998395,-0.05592246,0.014998395,-0.05592246,1.0001634,1.0002657,1.0001522
4.92,0.014998413,-0.056061056,0.014998413,-0.056061056,1.0001327,1.0002353,1.0001235
4.94,0.014998431,-0.05619425,0.014998431,-0.05619425,1.000103,1.000206,1.000096
4.96,0.014998453,-0.056323156,0.014998453,-0.056323156,1.0000744,1.0001777,1.0000694
4.98,0.014998475,-0.05644722,0.014998475,-0.05644722,1.0000468,1.0001506,1.0000437
5.0,0.014998499,-0.05656587,0.014998499,-0.05656587,1.0000205,1.0001245,1.0000192
5.02,0.0149985235,-0.05667882,0.0149985235,-0.05667882,0.9999954,1.0000997,0.99999577
5.04,0.01499855,-0.05678552,0.01499855,-0.05678552,0.99997175,1.0000762,0.9999737
5.06,0.014998577,-0.05688537,0.014998577,-0.05688537,0.9999496,1.0000542,0.9999531
5.08,0.014998604,-0.05697785,0.014998604,-0.05697785,0.999929,1.000034,0.99993396
5.1,0.014998631,-0.057062436,0.014998631,-0.057062436,0.99991024,1.0000154,0.99991643
5.12,0.014998659,-0.05714111,0.014998659,-0.05714111,0.9998928,0.99999815,0.99990016
5.14,0.0149986865,-0.057212483,0.0149986865,-0.057212483,0.99987686,0.9999825,0.9998854
5.16,0.014998714,-0.05727617,0.014998714,-0.05727617,0.99986273,0.99996847,0.9998722
5.18,0.014998741,-0.057331916,0.014998741,-0.057331916,0.99985033,0.9999562,0.9998607
5.2,0.014998768,-0.05737975,0.014998768,-0.05737975,0.9998397,0.9999457,0.9998508
5.22,0.014998795,-0.05742184,0.014998795,-0.05742184,0.99983037,0.99993646,0.9998421
5.24,0.014998822,-0.05745684,0.014998822,-0.05745684,0.9998226,0.9999288,0.99983484
5.26,0.014998847,-0.05748476,0.014998847,-0.05748476,0.9998164,0.99992263,0.99982905
5.28,0.014998871,-0.05750562,0.014998871,-0.05750562,0.99981177,0.99991804,0.99982476
5.3,0.014998894,-0.05751997,0.014998894,-0.05751997,0.99980855,0.9999149,0.9998218
5.3173985,0.014998914,-0.05752826,0.014998914,-0.05752826,0.9998067,0.9999131,0.99982005
5.3173985,0.014998914,-0.05752826,0.014998914,-0.05752826,0.9998067,0.9999131,0.99982005
5.32,0.014998917,-0.057528943,0.014998917,-0.057528943,0.9998066,0.9999129,0.99981993
5.34,0.014998938,-0.057531103,0.014998938,-0.057531103,0.9998061,0.99991244,0.99981946
5.36,0.014998958,-0.057528105,0.014998958,-0.057528105,0.99980676,0.9999131,0.9998201
5.38,0.014998977,-0.057520516,0.014998977,-0.057520516,0.99980843,0.99991477,0.99982166
5.4,0.014998995,-0.057508323,0.014998995,-0.057508323,0.9998112,0.99991745,0.99982417
5.42,0.014999012,-0.057492845,0.014999012,-0.057492845,0.99981457,0.99992085,0.9998274
5.44,0.014999027,-0.05747391,0.014999027,-0.05747391,0.9998188,0.999925,0.9998313
5.46,0.014999042,-0.057451382,0.014999042,-0.057451382,0.9998238,0.99992996,0.99983597
5.48,0.014999055,-0.057425268,0.014999055,-0.057425268,0.9998296,0.9999357,0.9998414
5.5,0.014999067,-0.057396974,0.014999067,-0.057396974,0.9998359,0.99994195,0.99984723
5.52,0.014999079,-0.05736678,0.014999079,-0.05736678,0.9998426,0.99994856,0.9998535
5.54,0.014999089,-0.057333954,0.014999089,-0.057333954,0.9998499,0.9999558,0.9998603
5.56,0.014999098,-0.057298496,0.014999098,-0.057298496,0.9998578,0.9999636,0.9998676
5.58,0.014999106,-0.057261396,0.014999106,-0.057261396,0.999866,0.9999717,0.9998753
5.6,0.014999113,-0.05722439,0.014999113,-0.05722439,0.99987423,0.99997985,0.99988294
5.62,0.01499912,-0.057186,0.01499912,-0.057186,0.99988276,0.99998826,0.99989086
5.64,0.014999124,-0.05714623,0.014999124,-0.05714623,0.99989164,0.999997,0.9998991
5.66,0.014999128,-0.057105273,0.014999128,-0.057105273,0.9999007,1.000006,0.99990755
5.68,0.014999132,-0.05706577,0.014999132,-0.05706577,0.99990946,1.0000147,0.9999158
5.7,0.0149991345,-0.057026003,0.0149991345,-0.057026003,0.99991834,1.0000234,0.999924
5.72,0.014999136,-0.05698597,0.014999136,-0.05698597,0.9999272,1.0000322,0.9999322
5.74,0.014999137,-0.056945674,0.014999137,-0.056945674,0.99993616,1.000041,0.9999406
5.76,0.014999138,-0.05690622,0.014999138,-0.05690622,0.9999449,1.0000497,0.99994874
5.78,0.014999137,-0.056867532,0.014999137,-0.056867532,0.9999535,1.0000582,0.9999568
5.8,0.014999137,-0.056829613,0.014999137,-0.056829613,0.999962,1.0000665,0.9999646
5.82,0.014999135,-0.05679263,0.014999135,-0.05679263,0.99997014,1.0000746,0.9999722
5.84,0.014999134,-0.056756757,0.014999134,-0.056756757,0.9999781,1.0000825,0.9999797
5.86,0.014999132,-0.05672216,0.014999132,-0.05672216,0.9999858,1.0000901,0.9999868
5.88,0.014999129,-0.056689013,0.014999129,-0.056689013,0.9999932,1.0000974,0.9999937
5.9,0.014999126,-0.05665748,0.014999126,-0.05665748,1.0000002,1.0001043,1.0000002
5.92,0.014999123,-0.056627505,0.014999123,-0.056627505,1.0000068,1.000111,1.0000064
5.94,0.01499912,-0.056598756,0.01499912,-0.056598756,1.0000132,1.0001172,1.0000124
5.96,0.014999116,-0.0565718,0.014999116,-0.0565718,1.0000192,1.0001231,1.0000179
5.98,0.014999112,-0.056546766,0.014999112,-0.056546766,1.0000248,1.0001286,1.0000231
6.0,0.014999108,-0.056523785,0.014999108,-0.056523785,1.0000299,1.0001338,1.0000279
6.02,0.014999105,-0.056502987,0.014999105,-0.056502987,1.0000345,1.0001383,1.0000322
6.04,0.0149991,-0.056484506,0.0149991,-0.056484506,1.0000386,1.0001423,1.000036
6.06,0.014999096,-0.056468464,0.014999096,-0.056468464,1.0000422,1.0001458,1.0000393
6.08,0.014999093,-0.056454998,0.014999093,-0.056454998,1.0000452,1.0001488,1.0000421
6.1,0.014999089,-0.056442168,0.014999089,-0.056442168,1.000048,1.0001516,1.0000447
6.12,0.014999085,-0.056430764,0.014999085,-0.056430764,1.0000505,1.0001541,1.0000471
6.14,0.014999081,-0.05642133,0.014999081,-0.05642133,1.0000526,1.0001562,1.000049
6.16,0.014999078,-0.056413893,0.014999078,-0.056413893,1.0000542,1.0001578,1.0000505
6.18,0.014999075,-0.05640849,0.014999075,-0.05640849,1.0000554,1.000159,1.0000517
6.192419,0.014999073,-0.056406178,0.014999073,-0.056406178,1.000056,1.0001595,1.0000522
6.192419,0.014999073,-0.056406178,0.014999073,-0.056406178,1.000056,1.0001595,1.0000522
6.2,0.014999072,-0.05640568,0.014999072,-0.05640568,1.0000561,1.0001596,1.0000523
6.22,0.014999069,-0.056405433,0.014999069,-0.056405433,1.0000561,1.0001597,1.0000523
6.24,0.014999067,-0.056406636,0.014999067,-0.056406636,1.0000559,1.0001594,1.0000521
6.26,0.014999066,-0.056409195,0.014999066,-0.056409195,1.0000553,1.0001589,1.0000515
6.28,0.014999064,-0.056412883,0.014999064,-0.056412883,1.0000545,1.0001581,1.0000508
6.3,0.014999063,-0.05641777,0.014999063,-0.05641777,1.0000534,1.000157,1.0000498
6.32,0.014999062,-0.056423746,0.014999062,-0.056423746,1.0000521,1.0001557,1.0000485
6.34,0.014999061,-0.056430113,0.014999061,-0.056430113,1.0000507,1.0001543,1.0000472
6.36,0.014999061,-0.05643727,0.014999061,-0.05643727,1.0000491,1.0001527,1.0000458
6.38,0.014999061,-0.05644521,0.014999061,-0.05644521,1.0000473,1.0001509,1.0000441
6.4,0.014999061,-0.056453936,0.014999061,-0.056453936,1.0000454,1.000149,1.0000423
6.42,0.014999062,-0.05646345,0.014999062,-0.05646345,1.0000433,1.000147,1.0000403
6.44,0.014999063,-0.056473747,0.014999063,-0.056473747,1.000041,1.0001447,1.0000381
6.46,0.014999064,-0.056483604,0.014999064,-0.056483604,1.0000387,1.0001426,1.0000361
6.48,0.014999066,-0.05649384,0.014999066,-0.05649384,1.0000365,1.0001403,1.0000341
6.5,0.0149990665,-0.056504507,0.0149990665,-0.056504507,1.0000342,1.0001379,1.0000318
6.52,0.014999068,-0.0565156,0.014999068,-0.0565156,1.0000317,1.0001355,1.0000296
6.54,0.014999071,-0.056527123,0.014999071,-0.056527123,1.0000291,1.0001329,1.0000272
6.56,0.014999074,-0.056539074,0.014999074,-0.056539074,1.0000265,1.0001303,1.0000247
6.58,0.014999076,-0.05655036,0.014999076,-0.05655036,1.000024,1.0001279,1.0000224
6.6,0.014999079,-0.056561347,0.014999079,-0.056561347,1.0000216,1.0001254,1.0000201
6.62,0.014999081,-0.056572337,0.014999081,-0.056572337,1.0000191,1.000123,1.0000178
6.64,0.014999085,-0.05658334,0.014999085,-0.05658334,1.0000167,1.0001206,1.0000155
6.66,0.014999088,-0.056594353,0.014999088,-0.056594353,1.0000142,1.0001183,1.0000132
6.68,0.014999092,-0.056605373,0.014999092,-0.056605373,1.0000118,1.0001158,1.000011
6.7,0.014999095,-0.05661585,0.014999095,-0.05661585,1.0000094,1.0001135,1.0000088
6.72,0.014999099,-0.056625634,0.014999099,-0.056625634,1.0000073,1.0001113,1.0000068
6.74,0.014999103,-0.05663512,0.014999103,-0.05663512,1.0000051,1.0001092,1.0000049
6.76,0.0149991065,-0.05664431,0.0149991065,-0.05664431,1.0000031,1.0001073,1.000003
6.78,0.014999111,-0.05665321,0.014999111,-0.05665321,1.0000011,1.0001053,1.0000011
6.8,0.014999115,-0.05666181,0.014999115,-0.05666181,0.9999992,1.0001034,0.9999993
6.82,0.01499912,-0.056670044,0.01499912,-0.056670044,0.9999974,1.0001016,0.9999976
6.84,0.014999123,-0.05667776,0.014999123,-0.05667776,0.99999565,1.0000999,0.999996
6.86,0.014999128,-0.056685057,0.014999128,-0.056685057,0.99999404,1.0000982,0.9999945
6.88,0.014999133,-0.05669192,0.014999133,-0.05669192,0.99999255,1.0000968,0.9999931
6.9,0.014999136,-0.056698333,0.014999136,-0.056698333,0.9999911,1.0000954,0.9999918
6.92,0.014999141,-0.056704283,0.014999141,-0.056704283,0.9999898,1.000094,0.9999905
6.94,0.014999146,-0.05670975,0.014999146,-0.05670975,0.99998856,1.0000929,0.9999894
6.96,0.014999149,-0.056714717,0.014999149,-0.056714717,0.9999875,1.0000918,0.9999884
6.98,0.014999154,-0.056719173,0.014999154,-0.056719173,0.99998647,1.0000908,0.9999874
7.0,0.014999159,-0.056723095,0.014999159,-0.056723095,0.99998564,1.0000899,0.99998665
7.02,0.014999162,-0.05672647,0.014999162,-0.05672647,0.99998486,1.0000892,0.99998593
7.04,0.014999167,-0.056729283,0.014999167,-0.056729283,0.9999842,1.0000886,0.99998534
7.06,0.014999171,-0.05673152,0.014999171,-0.05673152,0.9999837,1.0000881,0.9999849
7.08,0.014999175,-0.056733668,0.014999175,-0.056733668,0.99998325,1.0000876,0.99998444
7.0889225,0.014999177,-0.0567345,0.014999177,-0.0567345,0.9999831,1.0000874,0.99998426
7.0889225,0.014999177,-0.0567345,0.014999177,-0.0567345,0.9999831,1.0000874,0.99998426
7.1,0.014999179,-0.056734696,0.014999179,-0.056734696,0.999983,1.0000874,0.9999842
7.12,0.014999183,-0.056734692,0.014999183,-0.056734692,0.999983,1.0000874,0.9999842
7.14,0.014999187,-0.05673425,0.014999187,-0.05673425,0.99998313,1.0000875,0.9999843
7.16,0.01499919,-0.056733415,0.01499919,-0.056733415,0.9999833,1.0000876,0.9999845
7.18,0.014999194,-0.056732185,0.014999194,-0.056732185,0.9999836,1.000088,0.99998474
7.2,0.014999198,-0.056730706,0.014999198,-0.056730706,0.9999839,1.0000882,0.99998504
7.22,0.0149992015,-0.056728926,0.0149992015,-0.056728926,0.9999843,1.0000887,0.9999854
7.24,0.014999204,-0.05672684,0.014999204,-0.05672684,0.9999848,1.0000892,0.9999859
7.26,0.014999208,-0.05672445,0.014999208,-0.05672445,0.9999853,1.0000896,0.99998635
7.28,0.014999211,-0.05672195,0.014999211,-0.05672195,0.9999859,1.0000902,0.9999869
7.3,0.014999214,-0.056719482,0.014999214,-0.056719482,0.9999864,1.0000907,0.99998736
7.32,0.014999216,-0.05671687,0.014999216,-0.05671687,0.999987,1.0000913,0.9999879
7.34,0.014999219,-0.056714118,0.014999219,-0.056714118,0.9999876,1.0000919,0.9999885
7.36,0.014999222,-0.056711223,0.014999222,-0.056711223,0.99998826,1.0000925,0.9999891
7.38,0.014999225,-0.05670819,0.014999225,-0.05670819,0.9999889,1.0000932,0.9999897
7.4,0.014999228,-0.056705013,0.014999228,-0.056705013,0.9999896,1.0000939,0.99999034
7.42,0.01499923,-0.056701694,0.01499923,-0.056701694,0.99999034,1.0000947,0.99999106
7.44,0.014999232,-0.056698233,0.014999232,-0.056698233,0.9999911,1.0000954,0.9999918
7.46,0.014999235,-0.05669486,0.014999235,-0.05669486,0.9999919,1.0000961,0.9999925
7.48,0.014999237,-0.05669177,0.014999237,-0.05669177,0.99999255,1.0000968,0.9999931
7.5,0.01499924,-0.05668866,0.01499924,-0.05668866,0.99999326,1.0000975,0.99999374
7.52,0.014999242,-0.056685526,0.014999242,-0.056685526,0.999994,1.0000982,0.9999944
7.54,0.014999243,-0.056682374,0.014999243,-0.056682374,0.99999464,1.0000988,0.99999505
7.56,0.014999245,-0.056679197,0.014999245,-0.056679197,0.99999535,1.0000995,0.9999957
7.58,0.014999247,-0.056676,0.014999247,-0.056676,0.99999607,1.0001003,0.99999636
7.6,0.014999249,-0.05667278,0.014999249,-0.05667278,0.9999968,1.000101,0.999997
7.62,0.014999251,-0.056669544,0.014999251,-0.056669544,0.9999975,1.0001017,0.99999774
7.64,0.014999253,-0.05666648,0.014999253,-0.05666648,0.9999982,1.0001024,0.99999833
7.66,0.014999255,-0.056663882,0.014999255,-0.056663882,0.99999875,1.000103,0.99999887
7.68,0.0149992565,-0.05666139,0.0149992565,-0.05666139,0.9999993,1.0001035,0.9999994
7.7,0.014999259,-0.056659006,0.014999259,-0.056659006,0.9999998,1.000104,0.9999999
7.72,0.014999261,-0.056656726,0.014999261,-0.056656726,1.0000004,1.0001045,1.0000004
7.74,0.014999262,-0.05665455,0.014999262,-0.05665455,1.0000008,1.000105,1.0000008
7.76,0.014999264,-0.056652483,0.014999264,-0.056652483,1.0000013,1.0001055,1.0000012
7.78,0.014999266,-0.056650523,0.014999266,-0.056650523,1.0000017,1.0001059,1.0000017
7.8,0.014999268,-0.056648668,0.014999268,-0.056648668,1.0000021,1.0001063,1.000002
7.82,0.0149992695,-0.056646917,0.0149992695,-0.056646917,1.0000025,1.0001067,1.0000024
7.84,0.014999271,-0.056645274,0.014999271,-0.056645274,1.0000029,1.000107,1.0000027
7.86,0.014999273,-0.05664374,0.014999273,-0.05664374,1.0000032,1.0001074,1.0000031
7.88,0.014999275,-0.05664231,0.014999275,-0.05664231,1.0000036,1.0001076,1.0000033
7.9,0.014999276,-0.056640983,0.014999276,-0.056640983,1.0000038,1.000108,1.0000036
7.92,0.014999278,-0.056639764,0.014999278,-0.056639764,1.0000042,1.0001082,1.0000038
7.94,0.01499928,-0.05663865,0.01499928,-0.05663865,1.0000044,1.0001085,1.000004
7.96,0.014999282,-0.056637645,0.014999282,-0.056637645,1.0000045,1.0001087,1.0000043
7.98,0.014999283,-0.056636747,0.014999283,-0.056636747,1.0000048,1.0001088,1.0000045
8.0,0.014999284,-0.056636155,0.014999284,-0.056636155,1.0000049,1.0001091,1.0000046
8.02,0.014999286,-0.056636516,0.014999286,-0.056636516,1.0000049,1.000109,1.0000045
8.04,0.014999288,-0.056636877,0.014999288,-0.056636877,1.0000048,1.0001088,1.0000044
8.06,0.01499929,-0.05663724,0.01499929,-0.05663724,1.0000046,1.0001088,1.0000044
8.08,0.014999291,-0.0566376,0.014999291,-0.0566376,1.0000046,1.0001087,1.0000043
8.1,0.014999293,-0.05663796,0.014999293,-0.05663796,1.0000045,1.0001086,1.0000043
8.12,0.014999295,-0.056638323,0.014999295,-0.056638323,1.0000044,1.0001086,1.0000042
8.14,0.0149992965,-0.056638684,0.0149992965,-0.056638684,1.0000044,1.0001085,1.000004
8.16,0.014999298,-0.056639045,0.014999298,-0.056639045,1.0000043,1.0001084,1.000004
8.18,0.0149993,-0.056639407,0.0149993,-0.056639407,1.0000042,1.0001084,1.0000039
8.2,0.014999302,-0.05663977,0.014999302,-0.05663977,1.0000042,1.0001082,1.0000038
8.22,0.014999303,-0.05664013,0.014999303,-0.05664013,1.000004,1.0001081,1.0000038
8.24,0.014999305,-0.05664049,0.014999305,-0.05664049,1.0000039,1.0001081,1.0000037
8.245108,0.014999306,-0.056640584,0.014999306,-0.056640584,1.0000039,1.000108,1.0000037
8.245108,0.014999306,-0.056640584,0.014999306,-0.056640584,1.0000039,1.000108,1.0000037
8.26,0.014999307,-0.056640532,0.014999307,-0.056640532,1.0000039,1.0001081,1.0000037
8.28,0.014999309,-0.05664055,0.014999309,-0.05664055,1.0000039,1.000108,1.0000037
8.3,0.0149993105,-0.05664067,0.0149993105,-0.05664067,1.0000039,1.000108,1.0000037
8.32,0.014999311,-0.056640875,0.014999311,-0.056640875,1.0000038,1.000108,1.0000037
8.34,0.014999313,-0.05664116,0.014999313,-0.05664116,1.0000038,1.0001079,1.0000036
8.36,0.014999315,-0.05664153,0.014999315,-0.05664153,1.0000037,1.0001079,1.0000035
8.38,0.014999317,-0.056641947,0.014999317,-0.056641947,1.0000036,1.0001078,1.0000035
8.4,0.014999319,-0.05664241,0.014999319,-0.05664241,1.0000036,1.0001076,1.0000033
8.42,0.014999321,-0.056642927,0.014999321,-0.056642927,1.0000035,1.0001075,1.0000032
8.44,0.014999323,-0.056643497,0.014999323,-0.056643497,1.0000033,1.0001074,1.0000031
8.46,0.014999324,-0.056644123,0.014999324,-0.056644123,1.0000031,1.0001073,1.000003
8.48,0.014999326,-0.056644805,0.014999326,-0.056644805,1.000003,1.0001072,1.0000029
8.5,0.014999327,-0.056645468,0.014999327,-0.056645468,1.0000029,1.0001069,1.0000027
8.52,0.014999329,-0.05664609,0.014999329,-0.05664609,1.0000027,1.0001068,1.0000025
8.54,0.014999331,-0.056646723,0.014999331,-0.056646723,1.0000026,1.0001067,1.0000024
8.56,0.014999333,-0.056647375,0.014999333,-0.056647375,1.0000024,1.0001066,1.0000023
8.58,0.014999335,-0.05664804,0.014999335,-0.05664804,1.0000023,1.0001065,1.0000021
8.6,0.014999337,-0.056648713,0.014999337,-0.056648713,1.0000021,1.0001062,1.000002
8.62,0.014999338,-0.056649406,0.014999338,-0.056649406,1.000002,1.0001061,1.0000019
8.64,0.01499934,-0.056650106,0.01499934,-0.056650106,1.0000018,1.000106,1.0000018
8.66,0.014999343,-0.056650825,0.014999343,-0.056650825,1.0000017,1.0001059,1.0000015
8.68,0.014999345,-0.056651555,0.014999345,-0.056651555,1.0000015,1.0001056,1.0000014
8.7,0.014999347,-0.0566523,0.014999347,-0.0566523,1.0000013,1.0001055,1.0000013
8.72,0.014999349,-0.05665306,0.014999349,-0.05665306,1.0000012,1.0001053,1.0000011
8.74,0.0149993505,-0.056653768,0.0149993505,-0.056653768,1.000001,1.0001051,1.000001
8.76,0.014999352,-0.05665435,0.014999352,-0.05665435,1.0000008,1.000105,1.0000008
8.78,0.014999354,-0.056654915,0.014999354,-0.056654915,1.0000007,1.0001049,1.0000007
8.8,0.014999356,-0.056655463,0.014999356,-0.056655463,1.0000006,1.0001048,1.0000006
8.82,0.014999358,-0.056656,0.014999358,-0.056656,1.0000005,1.0001047,1.0000005
8.84,0.01499936,-0.056656517,0.01499936,-0.056656517,1.0000004,1.0001045,1.0000004
8.86,0.014999362,-0.05665702,0.014999362,-0.05665702,1.0000002,1.0001044,1.0000004
8.88,0.014999364,-0.056657504,0.014999364,-0.056657504,1.0000001,1.0001043,1.0000002
8.9,0.014999365,-0.056657977,0.014999365,-0.056657977,1.0000001,1.0001042,1.0000001
8.92,0.014999367,-0.056658432,0.014999367,-0.056658432,1.0,1.0001042,1.0
8.94,0.014999369,-0.05665887,0.014999369,-0.05665887,0.9999999,1.0001041,0.99999994
8.96,0.014999371,-0.056659296,0.014999371,-0.056659296,0.99999976,1.000104,0.9999998
8.98,0.014999373,-0.056659702,0.014999373,-0.056659702,0.9999997,1.0001038,0.99999976
9.0,0.014999375,-0.056660093,0.014999375,-0.056660093,0.9999996,1.0001037,0.99999964
9.02,0.014999377,-0.05666047,0.014999377,-0.05666047,0.9999995,1.0001037,0.9999996
9.04,0.0149993785,-0.05666083,0.0149993785,-0.05666083,0.99999946,1.0001036,0.9999995
9.06,0.01499938,-0.056661177,0.01499938,-0.056661177,0.99999934,1.0001036,0.99999946
9.08,0.014999382,-0.056661505,0.014999382,-0.056661505,0.9999993,1.0001035,0.99999934
9.1,0.014999384,-0.05666182,0.014999384,-0.05666182,0.9999992,1.0001034,0.9999993
9.12,0.014999386,-0.056662116,0.014999386,-0.056662116,0.99999917,1.0001034,0.9999992
9.14,0.014999388,-0.056662396,0.014999388,-0.056662396,0.9999991,1.0001032,0.99999917
9.16,0.01499939,-0.056662664,0.01499939,-0.056662664,0.99999905,1.0001032,0.9999991
9.18,0.0149993915,-0.056662913,0.0149993915,-0.056662913,0.999999,1.0001031,0.9999991
9.2,0.014999393,-0.056663148,0.014999393,-0.056663148,0.9999989,1.0001031,0.99999905
9.22,0.014999395,-0.056663364,0.014999395,-0.056663364,0.99999887,1.000103,0.999999
9.24,0.014999397,-0.056663305,0.014999397,-0.056663305,0.99999887,1.0001031,0.999999
9.26,0.014999399,-0.056663226,0.014999399,-0.056663226,0.9999989,1.0001031,0.999999
9.28,0.014999401,-0.05666315,0.014999401,-0.05666315,0.9999989,1.0001031,0.99999905
9.3,0.014999402,-0.056663074,0.014999402,-0.056663074,0.9999989,1.0001031,0.99999905
9.32,0.014999404,-0.056662995,0.014999404,-0.056662995,0.999999,1.0001031,0.99999905
9.34,0.0149994055,-0.05666292,0.0149994055,-0.05666292,0.999999,1.0001031,0.9999991
9.36,0.014999406,-0.056662843,0.014999406,-0.056662843,0.999999,1.0001031,0.9999991
9.38,0.014999408,-0.056662764,0.014999408,-0.056662764,0.999999,1.0001032,0.9999991
9.4,0.01499941,-0.05666269,0.01499941,-0.05666269,0.99999905,1.0001032,0.9999991
9.42,0.014999412,-0.05666261,0.014999412,-0.05666261,0.99999905,1.0001032,0.99999917
9.44,0.014999413,-0.056662533,0.014999413,-0.056662533,0.99999905,1.0001032,0.99999917
9.46,0.014999415,-0.05666246,0.014999415,-0.05666246,0.9999991,1.0001032,0.99999917
9.48,0.014999417,-0.05666238,0.014999417,-0.05666238,0.9999991,1.0001032,0.99999917
9.5,0.014999418,-0.056662302,0.014999418,-0.056662302,0.9999991,1.0001032,0.9999992
9.52,0.014999419,-0.056662228,0.014999419,-0.056662228,0.9999991,1.0001034,0.9999992
9.54,0.014999421,-0.05666215,0.014999421,-0.05666215,0.99999917,1.0001034,0.9999992
9.56,0.014999423,-0.05666207,0.014999423,-0.05666207,0.99999917,1.0001034,0.9999992
9.58,0.014999424,-0.056661997,0.014999424,-0.056661997,0.99999917,1.0001034,0.9999993
9.6,0.014999426,-0.05666192,0.014999426,-0.05666192,0.9999992,1.0001034,0.9999993
9.62,0.014999428,-0.05666184,0.014999428,-0.05666184,0.9999992,1.0001034,0.9999993
9.64,0.01499943,-0.056661766,0.01499943,-0.056661766,0.9999992,1.0001034,0.99999934
9.66,0.014999431,-0.056661688,0.014999431,-0.056661688,0.9999992,1.0001035,0.99999934
9.68,0.0149994325,-0.05666161,0.0149994325,-0.05666161,0.9999993,1.0001035,0.99999934
9.7,0.014999434,-0.056661535,0.014999434,-0.056661535,0.9999993,1.0001035,0.99999934
9.72,0.014999435,-0.056661457,0.014999435,-0.056661457,0.9999993,1.0001035,0.9999994
9.74,0.014999437,-0.05666138,0.014999437,-0.05666138,0.99999934,1.0001035,0.9999994
9.76,0.014999439,-0.056661304,0.014999439,-0.056661304,0.99999934,1.0001035,0.9999994
9.78,0.014999441,-0.056661226,0.014999441,-0.056661226,0.99999934,1.0001035,0.9999994
9.799034,0.014999442,-0.05666115,0.014999442,-0.05666115,0.99999934,1.0001036,0.99999946
9.799034,0.014999442,-0.05666115,0.014999442,-0.05666115,0.99999934,1.0001036,0.99999946
9.8,0.014999442,-0.05666115,0.014999442,-0.05666115,0.99999934,1.0001036,0.99999946
9.82,0.014999444,-0.056661163,0.014999444,-0.056661163,0.99999934,1.0001036,0.99999946
9.84,0.0149994455,-0.05666115,0.0149994455,-0.05666115,0.99999934,1.0001036,0.99999946
9.86,0.014999447,-0.056661125,0.014999447,-0.056661125,0.9999994,1.0001036,0.99999946
9.88,0.014999448,-0.056661084,0.014999448,-0.056661084,0.9999994,1.0001036,0.99999946
9.9,0.01499945,-0.05666103,0.01499945,-0.05666103,0.9999994,1.0001036,0.99999946
9.92,0.014999452,-0.056660954,0.014999452,-0.056660954,0.9999994,1.0001036,0.99999946
9.94,0.014999454,-0.056660872,0.014999454,-0.056660872,0.9999994,1.0001036,0.9999995
9.96,0.014999455,-0.05666078,0.014999455,-0.05666078,0.99999946,1.0001036,0.9999995
9.98,0.014999457,-0.056660675,0.014999457,-0.056660675,0.99999946,1.0001036,0.9999995
10.0,0.014999459,-0.05666056,0.014999459,-0.05666056,0.9999995,1.0001037,0.9999996
10.0,0.014999459,-0.05666056,0.014999459,-0.05666056,0.9999995,1.0001037,0.9999996
