<?xml version="1.0" encoding="utf-8"?>
<rdf:RDF xmlns:rdf="http://www.w3.org/1999/02/22-rdf-syntax-ns#" xmlns:cim="http://iec.ch/TC57/2013/CIM-schema-cim16#" xmlns:entsoe="http://entsoe.eu/CIM/SchemaExtension/3/1#" xmlns:entsoe2="http://entsoe.eu/CIM/SchemaExtension/3/2#" xmlns:md="http://iec.ch/TC57/61970-552/ModelDescription/1#">
  <md:FullModel rdf:about="urn:uuid:b7d751ce-e189-11eb-a668-74e5f963e191">
    <md:Model.created>2021-07-10T14:18:44Z</md:Model.created>
    <md:Model.scenarioTime>2021-07-10T14:16:31Z</md:Model.scenarioTime>
    <md:Model.version>0</md:Model.version>
    <md:Model.description />
    <md:Model.modelingAuthoritySet>http://www.smib_genroe.com/smib_genroe</md:Model.modelingAuthoritySet>
    <md:Model.profile>http://entsoe.eu/CIM/Topology/4/1</md:Model.profile>
  </md:FullModel>
  <cim:ConnectivityNode rdf:about="#_6bef25a4-e189-11eb-a668-74e5f963e191">
    <cim:ConnectivityNode.TopologicalNode rdf:resource="#_6bef25a6-e189-11eb-a668-74e5f963e191" />
  </cim:ConnectivityNode>
  <cim:ConnectivityNode rdf:about="#_6bef25c1-e189-11eb-a668-74e5f963e191">
    <cim:ConnectivityNode.TopologicalNode rdf:resource="#_6bef25c3-e189-11eb-a668-74e5f963e191" />
  </cim:ConnectivityNode>
  <cim:ConnectivityNode rdf:about="#_6bef25d0-e189-11eb-a668-74e5f963e191">
    <cim:ConnectivityNode.TopologicalNode rdf:resource="#_6bef25d2-e189-11eb-a668-74e5f963e191" />
  </cim:ConnectivityNode>
  <cim:ConnectivityNode rdf:about="#_6bef25de-e189-11eb-a668-74e5f963e191">
    <cim:ConnectivityNode.TopologicalNode rdf:resource="#_6bef25e0-e189-11eb-a668-74e5f963e191" />
  </cim:ConnectivityNode>
  <cim:Terminal rdf:about="#_6bef25a3-e189-11eb-a668-74e5f963e191">
    <cim:Terminal.TopologicalNode rdf:resource="#_6bef25a6-e189-11eb-a668-74e5f963e191" />
  </cim:Terminal>
  <cim:Terminal rdf:about="#_6bef25c0-e189-11eb-a668-74e5f963e191">
    <cim:Terminal.TopologicalNode rdf:resource="#_6bef25c3-e189-11eb-a668-74e5f963e191" />
  </cim:Terminal>
  <cim:Terminal rdf:about="#_6bef25cf-e189-11eb-a668-74e5f963e191">
    <cim:Terminal.TopologicalNode rdf:resource="#_6bef25d2-e189-11eb-a668-74e5f963e191" />
  </cim:Terminal>
  <cim:Terminal rdf:about="#_6bef25dd-e189-11eb-a668-74e5f963e191">
    <cim:Terminal.TopologicalNode rdf:resource="#_6bef25e0-e189-11eb-a668-74e5f963e191" />
  </cim:Terminal>
  <cim:Terminal rdf:about="#_6bef25ef-e189-11eb-a668-74e5f963e191">
    <cim:Terminal.TopologicalNode rdf:resource="#_6bef25c3-e189-11eb-a668-74e5f963e191" />
  </cim:Terminal>
  <cim:Terminal rdf:about="#_6bef25f8-e189-11eb-a668-74e5f963e191">
    <cim:Terminal.TopologicalNode rdf:resource="#_6bef25a6-e189-11eb-a668-74e5f963e191" />
  </cim:Terminal>
  <cim:Terminal rdf:about="#_6bef2600-e189-11eb-a668-74e5f963e191">
    <cim:Terminal.TopologicalNode rdf:resource="#_6bef25d2-e189-11eb-a668-74e5f963e191" />
  </cim:Terminal>
  <cim:Terminal rdf:about="#_6bef2604-e189-11eb-a668-74e5f963e191">
    <cim:Terminal.TopologicalNode rdf:resource="#_6bef25a6-e189-11eb-a668-74e5f963e191" />
  </cim:Terminal>
  <cim:Terminal rdf:about="#_6bef2605-e189-11eb-a668-74e5f963e191">
    <cim:Terminal.TopologicalNode rdf:resource="#_6bef25c3-e189-11eb-a668-74e5f963e191" />
  </cim:Terminal>
  <cim:Terminal rdf:about="#_6bef2608-e189-11eb-a668-74e5f963e191">
    <cim:Terminal.TopologicalNode rdf:resource="#_6bef25c3-e189-11eb-a668-74e5f963e191" />
  </cim:Terminal>
  <cim:Terminal rdf:about="#_6bef2609-e189-11eb-a668-74e5f963e191">
    <cim:Terminal.TopologicalNode rdf:resource="#_6bef25d2-e189-11eb-a668-74e5f963e191" />
  </cim:Terminal>
  <cim:Terminal rdf:about="#_6bef260c-e189-11eb-a668-74e5f963e191">
    <cim:Terminal.TopologicalNode rdf:resource="#_6bef25c3-e189-11eb-a668-74e5f963e191" />
  </cim:Terminal>
  <cim:Terminal rdf:about="#_6bef260d-e189-11eb-a668-74e5f963e191">
    <cim:Terminal.TopologicalNode rdf:resource="#_6bef25e0-e189-11eb-a668-74e5f963e191" />
  </cim:Terminal>
  <cim:Terminal rdf:about="#_6bef2610-e189-11eb-a668-74e5f963e191">
    <cim:Terminal.TopologicalNode rdf:resource="#_6bef25d2-e189-11eb-a668-74e5f963e191" />
  </cim:Terminal>
  <cim:Terminal rdf:about="#_6bef2611-e189-11eb-a668-74e5f963e191">
    <cim:Terminal.TopologicalNode rdf:resource="#_6bef25e0-e189-11eb-a668-74e5f963e191" />
  </cim:Terminal>
  <cim:TopologicalNode rdf:ID="_6bef25a6-e189-11eb-a668-74e5f963e191">
    <cim:TopologicalNode.BaseVoltage rdf:resource="#_6bef25ad-e189-11eb-a668-74e5f963e191" />
    <cim:TopologicalNode.ConnectivityNodeContainer rdf:resource="#_6bef25ac-e189-11eb-a668-74e5f963e191" />
    <cim:IdentifiedObject.description>GEN01</cim:IdentifiedObject.description>
    <cim:IdentifiedObject.name>GEN01</cim:IdentifiedObject.name>
  </cim:TopologicalNode>
  <cim:TopologicalNode rdf:ID="_6bef25c3-e189-11eb-a668-74e5f963e191">
    <cim:TopologicalNode.BaseVoltage rdf:resource="#_6bef25ad-e189-11eb-a668-74e5f963e191" />
    <cim:TopologicalNode.ConnectivityNodeContainer rdf:resource="#_6bef25c5-e189-11eb-a668-74e5f963e191" />
    <cim:IdentifiedObject.description>LOAD</cim:IdentifiedObject.description>
    <cim:IdentifiedObject.name>LOAD</cim:IdentifiedObject.name>
  </cim:TopologicalNode>
  <cim:TopologicalNode rdf:ID="_6bef25d2-e189-11eb-a668-74e5f963e191">
    <cim:TopologicalNode.BaseVoltage rdf:resource="#_6bef25ad-e189-11eb-a668-74e5f963e191" />
    <cim:TopologicalNode.ConnectivityNodeContainer rdf:resource="#_6bef25ac-e189-11eb-a668-74e5f963e191" />
    <cim:IdentifiedObject.description>GEN02</cim:IdentifiedObject.description>
    <cim:IdentifiedObject.name>GEN02</cim:IdentifiedObject.name>
  </cim:TopologicalNode>
  <cim:TopologicalNode rdf:ID="_6bef25e0-e189-11eb-a668-74e5f963e191">
    <cim:TopologicalNode.BaseVoltage rdf:resource="#_6bef25ad-e189-11eb-a668-74e5f963e191" />
    <cim:TopologicalNode.ConnectivityNodeContainer rdf:resource="#_6bef25e2-e189-11eb-a668-74e5f963e191" />
    <cim:IdentifiedObject.description>FAULT</cim:IdentifiedObject.description>
    <cim:IdentifiedObject.name>FAULT</cim:IdentifiedObject.name>
  </cim:TopologicalNode>
</rdf:RDF>