<?xml version="1.0" encoding="utf-8"?>
<rdf:RDF xmlns:rdf="http://www.w3.org/1999/02/22-rdf-syntax-ns#" xmlns:cim="http://iec.ch/TC57/2013/CIM-schema-cim16#" xmlns:entsoe="http://entsoe.eu/CIM/SchemaExtension/3/1#" xmlns:entsoe2="http://entsoe.eu/CIM/SchemaExtension/3/2#" xmlns:md="http://iec.ch/TC57/61970-552/ModelDescription/1#">
  <md:FullModel rdf:about="urn:uuid:5501d665-e18a-11eb-a668-74e5f963e191">
    <md:Model.created>2021-07-10T14:23:09Z</md:Model.created>
    <md:Model.scenarioTime>2021-07-10T14:23:09Z</md:Model.scenarioTime>
    <md:Model.version>1</md:Model.version>
    <md:Model.description />
    <md:Model.modelingAuthoritySet>http://www.smib_gensae.com/smib_gensae</md:Model.modelingAuthoritySet>
    <md:Model.profile>http://entsoe.eu/CIM/Dynamics/3/1</md:Model.profile>
  </md:FullModel>
  <cim:SynchronousMachineSimplified rdf:ID="_0ea1d3d7-e18a-11eb-a668-74e5f963e191">
    <cim:SynchronousMachineDynamics.SynchronousMachine rdf:resource="#_f6914556-e189-11eb-a668-74e5f963e191" />
    <cim:RotatingMachineDynamics.damping>0</cim:RotatingMachineDynamics.damping>
    <cim:RotatingMachineDynamics.inertia>0</cim:RotatingMachineDynamics.inertia>
    <cim:RotatingMachineDynamics.saturationFactor>0</cim:RotatingMachineDynamics.saturationFactor>
    <cim:RotatingMachineDynamics.saturationFactor120>0</cim:RotatingMachineDynamics.saturationFactor120>
    <cim:DynamicsFunctionBlock.enabled>true</cim:DynamicsFunctionBlock.enabled>
    <cim:IdentifiedObject.name>GENCLS</cim:IdentifiedObject.name>
  </cim:SynchronousMachineSimplified>
  <cim:SynchronousMachineTimeConstantReactance rdf:ID="_0ea1d3d6-e18a-11eb-a668-74e5f963e191">
    <cim:SynchronousMachineTimeConstantReactance.rotorType rdf:resource="http://iec.ch/TC57/2013/CIM-schema-cim16#RotorKind.salientPole" />
    <cim:SynchronousMachineTimeConstantReactance.modelType rdf:resource="http://iec.ch/TC57/2013/CIM-schema-cim16#SynchronousMachineModelKind.subtransient" />
    <cim:SynchronousMachineTimeConstantReactance.xDirectSync>1.84</cim:SynchronousMachineTimeConstantReactance.xDirectSync>
    <cim:SynchronousMachineTimeConstantReactance.xDirectTrans>0.41</cim:SynchronousMachineTimeConstantReactance.xDirectTrans>
    <cim:SynchronousMachineTimeConstantReactance.xDirectSubtrans>0.2</cim:SynchronousMachineTimeConstantReactance.xDirectSubtrans>
    <cim:SynchronousMachineTimeConstantReactance.xQuadSync>1.75</cim:SynchronousMachineTimeConstantReactance.xQuadSync>
    <cim:SynchronousMachineTimeConstantReactance.tpdo>5</cim:SynchronousMachineTimeConstantReactance.tpdo>
    <cim:SynchronousMachineTimeConstantReactance.tppdo>0.07</cim:SynchronousMachineTimeConstantReactance.tppdo>
    <cim:SynchronousMachineTimeConstantReactance.tppqo>0.09</cim:SynchronousMachineTimeConstantReactance.tppqo>
    <cim:SynchronousMachineDynamics.SynchronousMachine rdf:resource="#_f691454e-e189-11eb-a668-74e5f963e191" />
    <cim:RotatingMachineDynamics.damping>0</cim:RotatingMachineDynamics.damping>
    <cim:RotatingMachineDynamics.inertia>4.28</cim:RotatingMachineDynamics.inertia>
    <cim:RotatingMachineDynamics.saturationFactor>0.11</cim:RotatingMachineDynamics.saturationFactor>
    <cim:RotatingMachineDynamics.saturationFactor120>0.39</cim:RotatingMachineDynamics.saturationFactor120>
    <cim:RotatingMachineDynamics.statorLeakageReactance>0.12</cim:RotatingMachineDynamics.statorLeakageReactance>
    <cim:DynamicsFunctionBlock.enabled>true</cim:DynamicsFunctionBlock.enabled>
    <cim:IdentifiedObject.name>GENSAE</cim:IdentifiedObject.name>
  </cim:SynchronousMachineTimeConstantReactance>
</rdf:RDF>