<?xml version="1.0" encoding="utf-8"?>
<rdf:RDF xmlns:rdf="http://www.w3.org/1999/02/22-rdf-syntax-ns#" xmlns:cim="http://iec.ch/TC57/2013/CIM-schema-cim16#" xmlns:entsoe="http://entsoe.eu/CIM/SchemaExtension/3/1#" xmlns:entsoe2="http://entsoe.eu/CIM/SchemaExtension/3/2#" xmlns:md="http://iec.ch/TC57/61970-552/ModelDescription/1#">
  <md:FullModel rdf:about="urn:uuid:5501d663-e18a-11eb-a668-74e5f963e191">
    <md:Model.created>2021-07-10T14:23:08Z</md:Model.created>
    <md:Model.scenarioTime>2021-07-10T14:20:23Z</md:Model.scenarioTime>
    <md:Model.version>0</md:Model.version>
    <md:Model.description />
    <md:Model.modelingAuthoritySet>http://www.smib_gensae.com/smib_gensae</md:Model.modelingAuthoritySet>
    <md:Model.profile>http://entsoe.eu/CIM/Topology/4/1</md:Model.profile>
  </md:FullModel>
  <cim:ConnectivityNode rdf:about="#_f69144fb-e189-11eb-a668-74e5f963e191">
    <cim:ConnectivityNode.TopologicalNode rdf:resource="#_f69144fd-e189-11eb-a668-74e5f963e191" />
  </cim:ConnectivityNode>
  <cim:ConnectivityNode rdf:about="#_f6914518-e189-11eb-a668-74e5f963e191">
    <cim:ConnectivityNode.TopologicalNode rdf:resource="#_f691451a-e189-11eb-a668-74e5f963e191" />
  </cim:ConnectivityNode>
  <cim:ConnectivityNode rdf:about="#_f6914527-e189-11eb-a668-74e5f963e191">
    <cim:ConnectivityNode.TopologicalNode rdf:resource="#_f6914529-e189-11eb-a668-74e5f963e191" />
  </cim:ConnectivityNode>
  <cim:ConnectivityNode rdf:about="#_f6914535-e189-11eb-a668-74e5f963e191">
    <cim:ConnectivityNode.TopologicalNode rdf:resource="#_f6914537-e189-11eb-a668-74e5f963e191" />
  </cim:ConnectivityNode>
  <cim:Terminal rdf:about="#_f69144fa-e189-11eb-a668-74e5f963e191">
    <cim:Terminal.TopologicalNode rdf:resource="#_f69144fd-e189-11eb-a668-74e5f963e191" />
  </cim:Terminal>
  <cim:Terminal rdf:about="#_f6914517-e189-11eb-a668-74e5f963e191">
    <cim:Terminal.TopologicalNode rdf:resource="#_f691451a-e189-11eb-a668-74e5f963e191" />
  </cim:Terminal>
  <cim:Terminal rdf:about="#_f6914526-e189-11eb-a668-74e5f963e191">
    <cim:Terminal.TopologicalNode rdf:resource="#_f6914529-e189-11eb-a668-74e5f963e191" />
  </cim:Terminal>
  <cim:Terminal rdf:about="#_f6914534-e189-11eb-a668-74e5f963e191">
    <cim:Terminal.TopologicalNode rdf:resource="#_f6914537-e189-11eb-a668-74e5f963e191" />
  </cim:Terminal>
  <cim:Terminal rdf:about="#_f6914546-e189-11eb-a668-74e5f963e191">
    <cim:Terminal.TopologicalNode rdf:resource="#_f691451a-e189-11eb-a668-74e5f963e191" />
  </cim:Terminal>
  <cim:Terminal rdf:about="#_f691454f-e189-11eb-a668-74e5f963e191">
    <cim:Terminal.TopologicalNode rdf:resource="#_f69144fd-e189-11eb-a668-74e5f963e191" />
  </cim:Terminal>
  <cim:Terminal rdf:about="#_f6914557-e189-11eb-a668-74e5f963e191">
    <cim:Terminal.TopologicalNode rdf:resource="#_f6914529-e189-11eb-a668-74e5f963e191" />
  </cim:Terminal>
  <cim:Terminal rdf:about="#_f691455b-e189-11eb-a668-74e5f963e191">
    <cim:Terminal.TopologicalNode rdf:resource="#_f69144fd-e189-11eb-a668-74e5f963e191" />
  </cim:Terminal>
  <cim:Terminal rdf:about="#_f691455c-e189-11eb-a668-74e5f963e191">
    <cim:Terminal.TopologicalNode rdf:resource="#_f691451a-e189-11eb-a668-74e5f963e191" />
  </cim:Terminal>
  <cim:Terminal rdf:about="#_f691455f-e189-11eb-a668-74e5f963e191">
    <cim:Terminal.TopologicalNode rdf:resource="#_f691451a-e189-11eb-a668-74e5f963e191" />
  </cim:Terminal>
  <cim:Terminal rdf:about="#_f6914560-e189-11eb-a668-74e5f963e191">
    <cim:Terminal.TopologicalNode rdf:resource="#_f6914529-e189-11eb-a668-74e5f963e191" />
  </cim:Terminal>
  <cim:Terminal rdf:about="#_f6914563-e189-11eb-a668-74e5f963e191">
    <cim:Terminal.TopologicalNode rdf:resource="#_f691451a-e189-11eb-a668-74e5f963e191" />
  </cim:Terminal>
  <cim:Terminal rdf:about="#_f6914564-e189-11eb-a668-74e5f963e191">
    <cim:Terminal.TopologicalNode rdf:resource="#_f6914537-e189-11eb-a668-74e5f963e191" />
  </cim:Terminal>
  <cim:Terminal rdf:about="#_f6914567-e189-11eb-a668-74e5f963e191">
    <cim:Terminal.TopologicalNode rdf:resource="#_f6914529-e189-11eb-a668-74e5f963e191" />
  </cim:Terminal>
  <cim:Terminal rdf:about="#_f6914568-e189-11eb-a668-74e5f963e191">
    <cim:Terminal.TopologicalNode rdf:resource="#_f6914537-e189-11eb-a668-74e5f963e191" />
  </cim:Terminal>
  <cim:TopologicalNode rdf:ID="_f69144fd-e189-11eb-a668-74e5f963e191">
    <cim:TopologicalNode.BaseVoltage rdf:resource="#_f6914504-e189-11eb-a668-74e5f963e191" />
    <cim:TopologicalNode.ConnectivityNodeContainer rdf:resource="#_f6914503-e189-11eb-a668-74e5f963e191" />
    <cim:IdentifiedObject.description>GEN01</cim:IdentifiedObject.description>
    <cim:IdentifiedObject.name>GEN01</cim:IdentifiedObject.name>
  </cim:TopologicalNode>
  <cim:TopologicalNode rdf:ID="_f691451a-e189-11eb-a668-74e5f963e191">
    <cim:TopologicalNode.BaseVoltage rdf:resource="#_f6914504-e189-11eb-a668-74e5f963e191" />
    <cim:TopologicalNode.ConnectivityNodeContainer rdf:resource="#_f691451c-e189-11eb-a668-74e5f963e191" />
    <cim:IdentifiedObject.description>LOAD</cim:IdentifiedObject.description>
    <cim:IdentifiedObject.name>LOAD</cim:IdentifiedObject.name>
  </cim:TopologicalNode>
  <cim:TopologicalNode rdf:ID="_f6914529-e189-11eb-a668-74e5f963e191">
    <cim:TopologicalNode.BaseVoltage rdf:resource="#_f6914504-e189-11eb-a668-74e5f963e191" />
    <cim:TopologicalNode.ConnectivityNodeContainer rdf:resource="#_f6914503-e189-11eb-a668-74e5f963e191" />
    <cim:IdentifiedObject.description>GEN02</cim:IdentifiedObject.description>
    <cim:IdentifiedObject.name>GEN02</cim:IdentifiedObject.name>
  </cim:TopologicalNode>
  <cim:TopologicalNode rdf:ID="_f6914537-e189-11eb-a668-74e5f963e191">
    <cim:TopologicalNode.BaseVoltage rdf:resource="#_f6914504-e189-11eb-a668-74e5f963e191" />
    <cim:TopologicalNode.ConnectivityNodeContainer rdf:resource="#_f6914539-e189-11eb-a668-74e5f963e191" />
    <cim:IdentifiedObject.description>FAULT</cim:IdentifiedObject.description>
    <cim:IdentifiedObject.name>FAULT</cim:IdentifiedObject.name>
  </cim:TopologicalNode>
</rdf:RDF>