<?xml version="1.0" encoding="utf-8"?>
<rdf:RDF xmlns:rdf="http://www.w3.org/1999/02/22-rdf-syntax-ns#" xmlns:cim="http://iec.ch/TC57/2013/CIM-schema-cim16#" xmlns:entsoe="http://entsoe.eu/CIM/SchemaExtension/3/1#" xmlns:entsoe2="http://entsoe.eu/CIM/SchemaExtension/3/2#" xmlns:md="http://iec.ch/TC57/61970-552/ModelDescription/1#">
  <md:FullModel rdf:about="urn:uuid:c8fff286-e188-11eb-a668-74e5f963e191">
    <md:Model.created>2021-07-10T14:12:03Z</md:Model.created>
    <md:Model.scenarioTime>2021-07-10T14:09:56Z</md:Model.scenarioTime>
    <md:Model.version>0</md:Model.version>
    <md:Model.description />
    <md:Model.modelingAuthoritySet>http://www.smib_csvgn1.com/smib_csvgn1</md:Model.modelingAuthoritySet>
    <md:Model.profile>http://entsoe.eu/CIM/Topology/4/1</md:Model.profile>
  </md:FullModel>
  <cim:ConnectivityNode rdf:about="#_806eee47-e188-11eb-a668-74e5f963e191">
    <cim:ConnectivityNode.TopologicalNode rdf:resource="#_806eee49-e188-11eb-a668-74e5f963e191" />
  </cim:ConnectivityNode>
  <cim:ConnectivityNode rdf:about="#_806eee64-e188-11eb-a668-74e5f963e191">
    <cim:ConnectivityNode.TopologicalNode rdf:resource="#_806eee66-e188-11eb-a668-74e5f963e191" />
  </cim:ConnectivityNode>
  <cim:ConnectivityNode rdf:about="#_806eee73-e188-11eb-a668-74e5f963e191">
    <cim:ConnectivityNode.TopologicalNode rdf:resource="#_806eee75-e188-11eb-a668-74e5f963e191" />
  </cim:ConnectivityNode>
  <cim:ConnectivityNode rdf:about="#_806eee81-e188-11eb-a668-74e5f963e191">
    <cim:ConnectivityNode.TopologicalNode rdf:resource="#_806eee83-e188-11eb-a668-74e5f963e191" />
  </cim:ConnectivityNode>
  <cim:ConnectivityNode rdf:about="#_806eee90-e188-11eb-a668-74e5f963e191">
    <cim:ConnectivityNode.TopologicalNode rdf:resource="#_806eee92-e188-11eb-a668-74e5f963e191" />
  </cim:ConnectivityNode>
  <cim:Terminal rdf:about="#_806eee46-e188-11eb-a668-74e5f963e191">
    <cim:Terminal.TopologicalNode rdf:resource="#_806eee49-e188-11eb-a668-74e5f963e191" />
  </cim:Terminal>
  <cim:Terminal rdf:about="#_806eee63-e188-11eb-a668-74e5f963e191">
    <cim:Terminal.TopologicalNode rdf:resource="#_806eee66-e188-11eb-a668-74e5f963e191" />
  </cim:Terminal>
  <cim:Terminal rdf:about="#_806eee72-e188-11eb-a668-74e5f963e191">
    <cim:Terminal.TopologicalNode rdf:resource="#_806eee75-e188-11eb-a668-74e5f963e191" />
  </cim:Terminal>
  <cim:Terminal rdf:about="#_806eee80-e188-11eb-a668-74e5f963e191">
    <cim:Terminal.TopologicalNode rdf:resource="#_806eee83-e188-11eb-a668-74e5f963e191" />
  </cim:Terminal>
  <cim:Terminal rdf:about="#_806eee8f-e188-11eb-a668-74e5f963e191">
    <cim:Terminal.TopologicalNode rdf:resource="#_806eee92-e188-11eb-a668-74e5f963e191" />
  </cim:Terminal>
  <cim:Terminal rdf:about="#_806eeea1-e188-11eb-a668-74e5f963e191">
    <cim:Terminal.TopologicalNode rdf:resource="#_806eee66-e188-11eb-a668-74e5f963e191" />
  </cim:Terminal>
  <cim:Terminal rdf:about="#_806eeeb2-e188-11eb-a668-74e5f963e191">
    <cim:Terminal.TopologicalNode rdf:resource="#_806eee75-e188-11eb-a668-74e5f963e191" />
  </cim:Terminal>
  <cim:Terminal rdf:about="#_806eeebb-e188-11eb-a668-74e5f963e191">
    <cim:Terminal.TopologicalNode rdf:resource="#_806eee92-e188-11eb-a668-74e5f963e191" />
  </cim:Terminal>
  <cim:Terminal rdf:about="#_806eeebe-e188-11eb-a668-74e5f963e191">
    <cim:Terminal.TopologicalNode rdf:resource="#_806eee49-e188-11eb-a668-74e5f963e191" />
  </cim:Terminal>
  <cim:Terminal rdf:about="#_806eeebf-e188-11eb-a668-74e5f963e191">
    <cim:Terminal.TopologicalNode rdf:resource="#_806eee66-e188-11eb-a668-74e5f963e191" />
  </cim:Terminal>
  <cim:Terminal rdf:about="#_806eeec2-e188-11eb-a668-74e5f963e191">
    <cim:Terminal.TopologicalNode rdf:resource="#_806eee66-e188-11eb-a668-74e5f963e191" />
  </cim:Terminal>
  <cim:Terminal rdf:about="#_806eeec3-e188-11eb-a668-74e5f963e191">
    <cim:Terminal.TopologicalNode rdf:resource="#_806eee92-e188-11eb-a668-74e5f963e191" />
  </cim:Terminal>
  <cim:Terminal rdf:about="#_806eeec6-e188-11eb-a668-74e5f963e191">
    <cim:Terminal.TopologicalNode rdf:resource="#_806eee92-e188-11eb-a668-74e5f963e191" />
  </cim:Terminal>
  <cim:Terminal rdf:about="#_806eeec7-e188-11eb-a668-74e5f963e191">
    <cim:Terminal.TopologicalNode rdf:resource="#_806eee75-e188-11eb-a668-74e5f963e191" />
  </cim:Terminal>
  <cim:Terminal rdf:about="#_806eeeca-e188-11eb-a668-74e5f963e191">
    <cim:Terminal.TopologicalNode rdf:resource="#_806eee66-e188-11eb-a668-74e5f963e191" />
  </cim:Terminal>
  <cim:Terminal rdf:about="#_806eeecb-e188-11eb-a668-74e5f963e191">
    <cim:Terminal.TopologicalNode rdf:resource="#_806eee83-e188-11eb-a668-74e5f963e191" />
  </cim:Terminal>
  <cim:Terminal rdf:about="#_806eeece-e188-11eb-a668-74e5f963e191">
    <cim:Terminal.TopologicalNode rdf:resource="#_806eee75-e188-11eb-a668-74e5f963e191" />
  </cim:Terminal>
  <cim:Terminal rdf:about="#_806eeecf-e188-11eb-a668-74e5f963e191">
    <cim:Terminal.TopologicalNode rdf:resource="#_806eee83-e188-11eb-a668-74e5f963e191" />
  </cim:Terminal>
  <cim:Terminal rdf:about="#_806eeeaa-e188-11eb-a668-74e5f963e191">
    <cim:Terminal.TopologicalNode rdf:resource="#_806eee49-e188-11eb-a668-74e5f963e191" />
  </cim:Terminal>
  <cim:TopologicalNode rdf:ID="_806eee49-e188-11eb-a668-74e5f963e191">
    <cim:TopologicalNode.BaseVoltage rdf:resource="#_806eee50-e188-11eb-a668-74e5f963e191" />
    <cim:TopologicalNode.ConnectivityNodeContainer rdf:resource="#_806eee4f-e188-11eb-a668-74e5f963e191" />
    <cim:IdentifiedObject.description>GEN01</cim:IdentifiedObject.description>
    <cim:IdentifiedObject.name>GEN01</cim:IdentifiedObject.name>
  </cim:TopologicalNode>
  <cim:TopologicalNode rdf:ID="_806eee66-e188-11eb-a668-74e5f963e191">
    <cim:TopologicalNode.BaseVoltage rdf:resource="#_806eee50-e188-11eb-a668-74e5f963e191" />
    <cim:TopologicalNode.ConnectivityNodeContainer rdf:resource="#_806eee68-e188-11eb-a668-74e5f963e191" />
    <cim:IdentifiedObject.description>LOAD</cim:IdentifiedObject.description>
    <cim:IdentifiedObject.name>LOAD</cim:IdentifiedObject.name>
  </cim:TopologicalNode>
  <cim:TopologicalNode rdf:ID="_806eee75-e188-11eb-a668-74e5f963e191">
    <cim:TopologicalNode.BaseVoltage rdf:resource="#_806eee50-e188-11eb-a668-74e5f963e191" />
    <cim:TopologicalNode.ConnectivityNodeContainer rdf:resource="#_806eee4f-e188-11eb-a668-74e5f963e191" />
    <cim:IdentifiedObject.description>GEN02</cim:IdentifiedObject.description>
    <cim:IdentifiedObject.name>GEN02</cim:IdentifiedObject.name>
  </cim:TopologicalNode>
  <cim:TopologicalNode rdf:ID="_806eee83-e188-11eb-a668-74e5f963e191">
    <cim:TopologicalNode.BaseVoltage rdf:resource="#_806eee50-e188-11eb-a668-74e5f963e191" />
    <cim:TopologicalNode.ConnectivityNodeContainer rdf:resource="#_806eee85-e188-11eb-a668-74e5f963e191" />
    <cim:IdentifiedObject.description>FAULT</cim:IdentifiedObject.description>
    <cim:IdentifiedObject.name>FAULT</cim:IdentifiedObject.name>
  </cim:TopologicalNode>
  <cim:TopologicalNode rdf:ID="_806eee92-e188-11eb-a668-74e5f963e191">
    <cim:TopologicalNode.BaseVoltage rdf:resource="#_806eee50-e188-11eb-a668-74e5f963e191" />
    <cim:TopologicalNode.ConnectivityNodeContainer rdf:resource="#_806eee94-e188-11eb-a668-74e5f963e191" />
    <cim:IdentifiedObject.description>SHUNT</cim:IdentifiedObject.description>
    <cim:IdentifiedObject.name>SHUNT</cim:IdentifiedObject.name>
  </cim:TopologicalNode>
</rdf:RDF>