<?xml version="1.0" encoding="utf-8"?>
<rdf:RDF xmlns:rdf="http://www.w3.org/1999/02/22-rdf-syntax-ns#" xmlns:cim="http://iec.ch/TC57/2013/CIM-schema-cim16#" xmlns:entsoe="http://entsoe.eu/CIM/SchemaExtension/3/1#" xmlns:entsoe2="http://entsoe.eu/CIM/SchemaExtension/3/2#" xmlns:md="http://iec.ch/TC57/61970-552/ModelDescription/1#">
  <md:FullModel rdf:about="urn:uuid:66bc44ee-e18c-11eb-a668-74e5f963e191">
    <md:Model.created>2021-07-10T14:37:56Z</md:Model.created>
    <md:Model.scenarioTime>2021-07-10T14:36:17Z</md:Model.scenarioTime>
    <md:Model.version>0</md:Model.version>
    <md:Model.description />
    <md:Model.modelingAuthoritySet>http://www.smib_pss2b.com/smib_pss2b</md:Model.modelingAuthoritySet>
    <md:Model.profile>http://entsoe.eu/CIM/Topology/4/1</md:Model.profile>
  </md:FullModel>
  <cim:ConnectivityNode rdf:about="#_2ef94fa6-e18c-11eb-a668-74e5f963e191">
    <cim:ConnectivityNode.TopologicalNode rdf:resource="#_2ef94fa8-e18c-11eb-a668-74e5f963e191" />
  </cim:ConnectivityNode>
  <cim:ConnectivityNode rdf:about="#_2ef94fc3-e18c-11eb-a668-74e5f963e191">
    <cim:ConnectivityNode.TopologicalNode rdf:resource="#_2ef94fc5-e18c-11eb-a668-74e5f963e191" />
  </cim:ConnectivityNode>
  <cim:ConnectivityNode rdf:about="#_2ef94fd2-e18c-11eb-a668-74e5f963e191">
    <cim:ConnectivityNode.TopologicalNode rdf:resource="#_2ef94fd4-e18c-11eb-a668-74e5f963e191" />
  </cim:ConnectivityNode>
  <cim:ConnectivityNode rdf:about="#_2ef94fe0-e18c-11eb-a668-74e5f963e191">
    <cim:ConnectivityNode.TopologicalNode rdf:resource="#_2ef94fe2-e18c-11eb-a668-74e5f963e191" />
  </cim:ConnectivityNode>
  <cim:Terminal rdf:about="#_2ef94fa5-e18c-11eb-a668-74e5f963e191">
    <cim:Terminal.TopologicalNode rdf:resource="#_2ef94fa8-e18c-11eb-a668-74e5f963e191" />
  </cim:Terminal>
  <cim:Terminal rdf:about="#_2ef94fc2-e18c-11eb-a668-74e5f963e191">
    <cim:Terminal.TopologicalNode rdf:resource="#_2ef94fc5-e18c-11eb-a668-74e5f963e191" />
  </cim:Terminal>
  <cim:Terminal rdf:about="#_2ef94fd1-e18c-11eb-a668-74e5f963e191">
    <cim:Terminal.TopologicalNode rdf:resource="#_2ef94fd4-e18c-11eb-a668-74e5f963e191" />
  </cim:Terminal>
  <cim:Terminal rdf:about="#_2ef94fdf-e18c-11eb-a668-74e5f963e191">
    <cim:Terminal.TopologicalNode rdf:resource="#_2ef94fe2-e18c-11eb-a668-74e5f963e191" />
  </cim:Terminal>
  <cim:Terminal rdf:about="#_2ef94ff1-e18c-11eb-a668-74e5f963e191">
    <cim:Terminal.TopologicalNode rdf:resource="#_2ef94fc5-e18c-11eb-a668-74e5f963e191" />
  </cim:Terminal>
  <cim:Terminal rdf:about="#_2ef94ffa-e18c-11eb-a668-74e5f963e191">
    <cim:Terminal.TopologicalNode rdf:resource="#_2ef94fa8-e18c-11eb-a668-74e5f963e191" />
  </cim:Terminal>
  <cim:Terminal rdf:about="#_2ef95002-e18c-11eb-a668-74e5f963e191">
    <cim:Terminal.TopologicalNode rdf:resource="#_2ef94fd4-e18c-11eb-a668-74e5f963e191" />
  </cim:Terminal>
  <cim:Terminal rdf:about="#_2ef95006-e18c-11eb-a668-74e5f963e191">
    <cim:Terminal.TopologicalNode rdf:resource="#_2ef94fa8-e18c-11eb-a668-74e5f963e191" />
  </cim:Terminal>
  <cim:Terminal rdf:about="#_2ef95007-e18c-11eb-a668-74e5f963e191">
    <cim:Terminal.TopologicalNode rdf:resource="#_2ef94fc5-e18c-11eb-a668-74e5f963e191" />
  </cim:Terminal>
  <cim:Terminal rdf:about="#_2ef9500a-e18c-11eb-a668-74e5f963e191">
    <cim:Terminal.TopologicalNode rdf:resource="#_2ef94fc5-e18c-11eb-a668-74e5f963e191" />
  </cim:Terminal>
  <cim:Terminal rdf:about="#_2ef9500b-e18c-11eb-a668-74e5f963e191">
    <cim:Terminal.TopologicalNode rdf:resource="#_2ef94fd4-e18c-11eb-a668-74e5f963e191" />
  </cim:Terminal>
  <cim:Terminal rdf:about="#_2ef9500e-e18c-11eb-a668-74e5f963e191">
    <cim:Terminal.TopologicalNode rdf:resource="#_2ef94fc5-e18c-11eb-a668-74e5f963e191" />
  </cim:Terminal>
  <cim:Terminal rdf:about="#_2ef9500f-e18c-11eb-a668-74e5f963e191">
    <cim:Terminal.TopologicalNode rdf:resource="#_2ef94fe2-e18c-11eb-a668-74e5f963e191" />
  </cim:Terminal>
  <cim:Terminal rdf:about="#_2ef95012-e18c-11eb-a668-74e5f963e191">
    <cim:Terminal.TopologicalNode rdf:resource="#_2ef94fd4-e18c-11eb-a668-74e5f963e191" />
  </cim:Terminal>
  <cim:Terminal rdf:about="#_2ef95013-e18c-11eb-a668-74e5f963e191">
    <cim:Terminal.TopologicalNode rdf:resource="#_2ef94fe2-e18c-11eb-a668-74e5f963e191" />
  </cim:Terminal>
  <cim:TopologicalNode rdf:ID="_2ef94fa8-e18c-11eb-a668-74e5f963e191">
    <cim:TopologicalNode.BaseVoltage rdf:resource="#_2ef94faf-e18c-11eb-a668-74e5f963e191" />
    <cim:TopologicalNode.ConnectivityNodeContainer rdf:resource="#_2ef94fae-e18c-11eb-a668-74e5f963e191" />
    <cim:IdentifiedObject.description>GEN01</cim:IdentifiedObject.description>
    <cim:IdentifiedObject.name>GEN01</cim:IdentifiedObject.name>
  </cim:TopologicalNode>
  <cim:TopologicalNode rdf:ID="_2ef94fc5-e18c-11eb-a668-74e5f963e191">
    <cim:TopologicalNode.BaseVoltage rdf:resource="#_2ef94faf-e18c-11eb-a668-74e5f963e191" />
    <cim:TopologicalNode.ConnectivityNodeContainer rdf:resource="#_2ef94fc7-e18c-11eb-a668-74e5f963e191" />
    <cim:IdentifiedObject.description>LOAD</cim:IdentifiedObject.description>
    <cim:IdentifiedObject.name>LOAD</cim:IdentifiedObject.name>
  </cim:TopologicalNode>
  <cim:TopologicalNode rdf:ID="_2ef94fd4-e18c-11eb-a668-74e5f963e191">
    <cim:TopologicalNode.BaseVoltage rdf:resource="#_2ef94faf-e18c-11eb-a668-74e5f963e191" />
    <cim:TopologicalNode.ConnectivityNodeContainer rdf:resource="#_2ef94fae-e18c-11eb-a668-74e5f963e191" />
    <cim:IdentifiedObject.description>GEN02</cim:IdentifiedObject.description>
    <cim:IdentifiedObject.name>GEN02</cim:IdentifiedObject.name>
  </cim:TopologicalNode>
  <cim:TopologicalNode rdf:ID="_2ef94fe2-e18c-11eb-a668-74e5f963e191">
    <cim:TopologicalNode.BaseVoltage rdf:resource="#_2ef94faf-e18c-11eb-a668-74e5f963e191" />
    <cim:TopologicalNode.ConnectivityNodeContainer rdf:resource="#_2ef94fe4-e18c-11eb-a668-74e5f963e191" />
    <cim:IdentifiedObject.description>FAULT</cim:IdentifiedObject.description>
    <cim:IdentifiedObject.name>FAULT</cim:IdentifiedObject.name>
  </cim:TopologicalNode>
</rdf:RDF>