<?xml version="1.0" encoding="utf-8"?>
<rdf:RDF xmlns:rdf="http://www.w3.org/1999/02/22-rdf-syntax-ns#" xmlns:cim="http://iec.ch/TC57/2013/CIM-schema-cim16#" xmlns:entsoe="http://entsoe.eu/CIM/SchemaExtension/3/1#" xmlns:entsoe2="http://entsoe.eu/CIM/SchemaExtension/3/2#" xmlns:md="http://iec.ch/TC57/61970-552/ModelDescription/1#">
  <md:FullModel rdf:about="urn:uuid:66bc44f0-e18c-11eb-a668-74e5f963e191">
    <md:Model.created>2021-07-10T14:37:58Z</md:Model.created>
    <md:Model.scenarioTime>2021-07-10T14:37:58Z</md:Model.scenarioTime>
    <md:Model.version>1</md:Model.version>
    <md:Model.description />
    <md:Model.modelingAuthoritySet>http://www.smib_pss2b.com/smib_pss2b</md:Model.modelingAuthoritySet>
    <md:Model.profile>http://entsoe.eu/CIM/Dynamics/3/1</md:Model.profile>
  </md:FullModel>
  <cim:ExcIEEEST1A rdf:ID="_3f0b952b-e18c-11eb-a668-74e5f963e191">
    <cim:ExcIEEEST1A.ilr>0</cim:ExcIEEEST1A.ilr>
    <cim:ExcIEEEST1A.ka>300</cim:ExcIEEEST1A.ka>
    <cim:ExcIEEEST1A.kc>0.38</cim:ExcIEEEST1A.kc>
    <cim:ExcIEEEST1A.kf>1</cim:ExcIEEEST1A.kf>
    <cim:ExcIEEEST1A.klr>1</cim:ExcIEEEST1A.klr>
    <cim:ExcIEEEST1A.pssin>false</cim:ExcIEEEST1A.pssin>
    <cim:ExcIEEEST1A.ta>0.1</cim:ExcIEEEST1A.ta>
    <cim:ExcIEEEST1A.tb>10</cim:ExcIEEEST1A.tb>
    <cim:ExcIEEEST1A.tb1>0.083</cim:ExcIEEEST1A.tb1>
    <cim:ExcIEEEST1A.tc>2</cim:ExcIEEEST1A.tc>
    <cim:ExcIEEEST1A.tc1>0.08</cim:ExcIEEEST1A.tc1>
    <cim:ExcIEEEST1A.tf>1</cim:ExcIEEEST1A.tf>
    <cim:ExcIEEEST1A.uelin rdf:resource="http://iec.ch/TC57/2013/CIM-schema-cim16#ExcIEEEST1AUELselectorKind.inputAddedToErrorSignal" />
    <cim:ExcIEEEST1A.vamax>7</cim:ExcIEEEST1A.vamax>
    <cim:ExcIEEEST1A.vamin>-7</cim:ExcIEEEST1A.vamin>
    <cim:ExcIEEEST1A.vimax>0.3</cim:ExcIEEEST1A.vimax>
    <cim:ExcIEEEST1A.vimin>-0.3</cim:ExcIEEEST1A.vimin>
    <cim:ExcIEEEST1A.vrmax>5.2</cim:ExcIEEEST1A.vrmax>
    <cim:ExcIEEEST1A.vrmin>-5.2</cim:ExcIEEEST1A.vrmin>
    <cim:ExcitationSystemDynamics.SynchronousMachineDynamics rdf:resource="#_3f0b952a-e18c-11eb-a668-74e5f963e191" />
    <cim:DynamicsFunctionBlock.enabled>true</cim:DynamicsFunctionBlock.enabled>
    <cim:IdentifiedObject.name>ESST1A</cim:IdentifiedObject.name>
  </cim:ExcIEEEST1A>
  <cim:PssIEEE2B rdf:ID="_3f0b952c-e18c-11eb-a668-74e5f963e191">
    <cim:PssIEEE2B.inputSignal1Type rdf:resource="http://iec.ch/TC57/2013/CIM-schema-cim16#InputSignalKind.rotorAngularFrequencyDeviation" />
    <cim:PssIEEE2B.inputSignal2Type rdf:resource="http://iec.ch/TC57/2013/CIM-schema-cim16#InputSignalKind.generatorElectricalPower" />
    <cim:PssIEEE2B.vsi1max>999</cim:PssIEEE2B.vsi1max>
    <cim:PssIEEE2B.vsi1min>-999</cim:PssIEEE2B.vsi1min>
    <cim:PssIEEE2B.tw1>2</cim:PssIEEE2B.tw1>
    <cim:PssIEEE2B.tw2>2</cim:PssIEEE2B.tw2>
    <cim:PssIEEE2B.vsi2max>999</cim:PssIEEE2B.vsi2max>
    <cim:PssIEEE2B.vsi2min>-999</cim:PssIEEE2B.vsi2min>
    <cim:PssIEEE2B.tw3>2</cim:PssIEEE2B.tw3>
    <cim:PssIEEE2B.tw4>0</cim:PssIEEE2B.tw4>
    <cim:PssIEEE2B.t1>0.25</cim:PssIEEE2B.t1>
    <cim:PssIEEE2B.t2>0.03</cim:PssIEEE2B.t2>
    <cim:PssIEEE2B.t3>0.15</cim:PssIEEE2B.t3>
    <cim:PssIEEE2B.t4>0.015</cim:PssIEEE2B.t4>
    <cim:PssIEEE2B.t6>0</cim:PssIEEE2B.t6>
    <cim:PssIEEE2B.t7>2</cim:PssIEEE2B.t7>
    <cim:PssIEEE2B.t8>0</cim:PssIEEE2B.t8>
    <cim:PssIEEE2B.t9>0</cim:PssIEEE2B.t9>
    <cim:PssIEEE2B.t10>0</cim:PssIEEE2B.t10>
    <cim:PssIEEE2B.t11>0</cim:PssIEEE2B.t11>
    <cim:PssIEEE2B.ks1>10</cim:PssIEEE2B.ks1>
    <cim:PssIEEE2B.ks2>0.1564</cim:PssIEEE2B.ks2>
    <cim:PssIEEE2B.ks3>1</cim:PssIEEE2B.ks3>
    <cim:PssIEEE2B.n>0</cim:PssIEEE2B.n>
    <cim:PssIEEE2B.m>0</cim:PssIEEE2B.m>
    <cim:PssIEEE2B.vstmax>0.1</cim:PssIEEE2B.vstmax>
    <cim:PssIEEE2B.vstmin>-0.1</cim:PssIEEE2B.vstmin>
    <cim:PowerSystemStabilizerDynamics.ExcitationSystemDynamics rdf:resource="#_3f0b952b-e18c-11eb-a668-74e5f963e191" />
    <cim:DynamicsFunctionBlock.enabled>true</cim:DynamicsFunctionBlock.enabled>
    <cim:IdentifiedObject.name>PSS2B</cim:IdentifiedObject.name>
  </cim:PssIEEE2B>
  <cim:SynchronousMachineSimplified rdf:ID="_3f0b952d-e18c-11eb-a668-74e5f963e191">
    <cim:SynchronousMachineDynamics.SynchronousMachine rdf:resource="#_2ef95001-e18c-11eb-a668-74e5f963e191" />
    <cim:RotatingMachineDynamics.damping>0</cim:RotatingMachineDynamics.damping>
    <cim:RotatingMachineDynamics.inertia>0</cim:RotatingMachineDynamics.inertia>
    <cim:RotatingMachineDynamics.saturationFactor>0</cim:RotatingMachineDynamics.saturationFactor>
    <cim:RotatingMachineDynamics.saturationFactor120>0</cim:RotatingMachineDynamics.saturationFactor120>
    <cim:DynamicsFunctionBlock.enabled>true</cim:DynamicsFunctionBlock.enabled>
    <cim:IdentifiedObject.name>GENCLS</cim:IdentifiedObject.name>
  </cim:SynchronousMachineSimplified>
  <cim:SynchronousMachineTimeConstantReactance rdf:ID="_3f0b952a-e18c-11eb-a668-74e5f963e191">
    <cim:SynchronousMachineTimeConstantReactance.rotorType rdf:resource="http://iec.ch/TC57/2013/CIM-schema-cim16#RotorKind.roundRotor" />
    <cim:SynchronousMachineTimeConstantReactance.modelType rdf:resource="http://iec.ch/TC57/2013/CIM-schema-cim16#SynchronousMachineModelKind.subtransient" />
    <cim:SynchronousMachineTimeConstantReactance.xDirectSync>1.84</cim:SynchronousMachineTimeConstantReactance.xDirectSync>
    <cim:SynchronousMachineTimeConstantReactance.xDirectTrans>0.41</cim:SynchronousMachineTimeConstantReactance.xDirectTrans>
    <cim:SynchronousMachineTimeConstantReactance.xDirectSubtrans>0.2</cim:SynchronousMachineTimeConstantReactance.xDirectSubtrans>
    <cim:SynchronousMachineTimeConstantReactance.xQuadSync>1.75</cim:SynchronousMachineTimeConstantReactance.xQuadSync>
    <cim:SynchronousMachineTimeConstantReactance.xQuadTrans>0.6</cim:SynchronousMachineTimeConstantReactance.xQuadTrans>
    <cim:SynchronousMachineTimeConstantReactance.tpdo>5</cim:SynchronousMachineTimeConstantReactance.tpdo>
    <cim:SynchronousMachineTimeConstantReactance.tppdo>0.07</cim:SynchronousMachineTimeConstantReactance.tppdo>
    <cim:SynchronousMachineTimeConstantReactance.tpqo>0.9</cim:SynchronousMachineTimeConstantReactance.tpqo>
    <cim:SynchronousMachineTimeConstantReactance.tppqo>0.09</cim:SynchronousMachineTimeConstantReactance.tppqo>
    <cim:SynchronousMachineDynamics.SynchronousMachine rdf:resource="#_2ef94ff9-e18c-11eb-a668-74e5f963e191" />
    <cim:RotatingMachineDynamics.damping>0</cim:RotatingMachineDynamics.damping>
    <cim:RotatingMachineDynamics.inertia>4.28</cim:RotatingMachineDynamics.inertia>
    <cim:RotatingMachineDynamics.saturationFactor>0.11</cim:RotatingMachineDynamics.saturationFactor>
    <cim:RotatingMachineDynamics.saturationFactor120>0.39</cim:RotatingMachineDynamics.saturationFactor120>
    <cim:RotatingMachineDynamics.statorLeakageReactance>0.12</cim:RotatingMachineDynamics.statorLeakageReactance>
    <cim:DynamicsFunctionBlock.enabled>true</cim:DynamicsFunctionBlock.enabled>
    <cim:IdentifiedObject.name>GENROE</cim:IdentifiedObject.name>
  </cim:SynchronousMachineTimeConstantReactance>
</rdf:RDF>