<?xml version="1.0" encoding="utf-8"?>
<rdf:RDF xmlns:rdf="http://www.w3.org/1999/02/22-rdf-syntax-ns#" xmlns:cim="http://iec.ch/TC57/2013/CIM-schema-cim16#" xmlns:entsoe="http://entsoe.eu/CIM/SchemaExtension/3/1#" xmlns:entsoe2="http://entsoe.eu/CIM/SchemaExtension/3/2#" xmlns:md="http://iec.ch/TC57/61970-552/ModelDescription/1#">
  <md:FullModel rdf:about="urn:uuid:fc8dc752-e18d-11eb-a668-74e5f963e191">
    <md:Model.created>2021-07-10T14:49:17Z</md:Model.created>
    <md:Model.scenarioTime>2021-07-10T14:47:44Z</md:Model.scenarioTime>
    <md:Model.version>0</md:Model.version>
    <md:Model.description />
    <md:Model.modelingAuthoritySet>http://www.smib_ggov1.com/smib_ggov1</md:Model.modelingAuthoritySet>
    <md:Model.profile>http://entsoe.eu/CIM/Topology/4/1</md:Model.profile>
  </md:FullModel>
  <cim:ConnectivityNode rdf:about="#_c8a23a06-e18d-11eb-a668-74e5f963e191">
    <cim:ConnectivityNode.TopologicalNode rdf:resource="#_c8a23a08-e18d-11eb-a668-74e5f963e191" />
  </cim:ConnectivityNode>
  <cim:ConnectivityNode rdf:about="#_c8a23a23-e18d-11eb-a668-74e5f963e191">
    <cim:ConnectivityNode.TopologicalNode rdf:resource="#_c8a23a25-e18d-11eb-a668-74e5f963e191" />
  </cim:ConnectivityNode>
  <cim:ConnectivityNode rdf:about="#_c8a23a32-e18d-11eb-a668-74e5f963e191">
    <cim:ConnectivityNode.TopologicalNode rdf:resource="#_c8a23a34-e18d-11eb-a668-74e5f963e191" />
  </cim:ConnectivityNode>
  <cim:ConnectivityNode rdf:about="#_c8a23a40-e18d-11eb-a668-74e5f963e191">
    <cim:ConnectivityNode.TopologicalNode rdf:resource="#_c8a23a42-e18d-11eb-a668-74e5f963e191" />
  </cim:ConnectivityNode>
  <cim:Terminal rdf:about="#_c8a23a05-e18d-11eb-a668-74e5f963e191">
    <cim:Terminal.TopologicalNode rdf:resource="#_c8a23a08-e18d-11eb-a668-74e5f963e191" />
  </cim:Terminal>
  <cim:Terminal rdf:about="#_c8a23a22-e18d-11eb-a668-74e5f963e191">
    <cim:Terminal.TopologicalNode rdf:resource="#_c8a23a25-e18d-11eb-a668-74e5f963e191" />
  </cim:Terminal>
  <cim:Terminal rdf:about="#_c8a23a31-e18d-11eb-a668-74e5f963e191">
    <cim:Terminal.TopologicalNode rdf:resource="#_c8a23a34-e18d-11eb-a668-74e5f963e191" />
  </cim:Terminal>
  <cim:Terminal rdf:about="#_c8a23a3f-e18d-11eb-a668-74e5f963e191">
    <cim:Terminal.TopologicalNode rdf:resource="#_c8a23a42-e18d-11eb-a668-74e5f963e191" />
  </cim:Terminal>
  <cim:Terminal rdf:about="#_c8a23a51-e18d-11eb-a668-74e5f963e191">
    <cim:Terminal.TopologicalNode rdf:resource="#_c8a23a25-e18d-11eb-a668-74e5f963e191" />
  </cim:Terminal>
  <cim:Terminal rdf:about="#_c8a23a5a-e18d-11eb-a668-74e5f963e191">
    <cim:Terminal.TopologicalNode rdf:resource="#_c8a23a08-e18d-11eb-a668-74e5f963e191" />
  </cim:Terminal>
  <cim:Terminal rdf:about="#_c8a23a62-e18d-11eb-a668-74e5f963e191">
    <cim:Terminal.TopologicalNode rdf:resource="#_c8a23a34-e18d-11eb-a668-74e5f963e191" />
  </cim:Terminal>
  <cim:Terminal rdf:about="#_c8a23a66-e18d-11eb-a668-74e5f963e191">
    <cim:Terminal.TopologicalNode rdf:resource="#_c8a23a08-e18d-11eb-a668-74e5f963e191" />
  </cim:Terminal>
  <cim:Terminal rdf:about="#_c8a23a67-e18d-11eb-a668-74e5f963e191">
    <cim:Terminal.TopologicalNode rdf:resource="#_c8a23a25-e18d-11eb-a668-74e5f963e191" />
  </cim:Terminal>
  <cim:Terminal rdf:about="#_c8a23a6a-e18d-11eb-a668-74e5f963e191">
    <cim:Terminal.TopologicalNode rdf:resource="#_c8a23a25-e18d-11eb-a668-74e5f963e191" />
  </cim:Terminal>
  <cim:Terminal rdf:about="#_c8a23a6b-e18d-11eb-a668-74e5f963e191">
    <cim:Terminal.TopologicalNode rdf:resource="#_c8a23a34-e18d-11eb-a668-74e5f963e191" />
  </cim:Terminal>
  <cim:Terminal rdf:about="#_c8a23a6e-e18d-11eb-a668-74e5f963e191">
    <cim:Terminal.TopologicalNode rdf:resource="#_c8a23a25-e18d-11eb-a668-74e5f963e191" />
  </cim:Terminal>
  <cim:Terminal rdf:about="#_c8a23a6f-e18d-11eb-a668-74e5f963e191">
    <cim:Terminal.TopologicalNode rdf:resource="#_c8a23a42-e18d-11eb-a668-74e5f963e191" />
  </cim:Terminal>
  <cim:Terminal rdf:about="#_c8a23a72-e18d-11eb-a668-74e5f963e191">
    <cim:Terminal.TopologicalNode rdf:resource="#_c8a23a34-e18d-11eb-a668-74e5f963e191" />
  </cim:Terminal>
  <cim:Terminal rdf:about="#_c8a23a73-e18d-11eb-a668-74e5f963e191">
    <cim:Terminal.TopologicalNode rdf:resource="#_c8a23a42-e18d-11eb-a668-74e5f963e191" />
  </cim:Terminal>
  <cim:TopologicalNode rdf:ID="_c8a23a08-e18d-11eb-a668-74e5f963e191">
    <cim:TopologicalNode.BaseVoltage rdf:resource="#_c8a23a0f-e18d-11eb-a668-74e5f963e191" />
    <cim:TopologicalNode.ConnectivityNodeContainer rdf:resource="#_c8a23a0e-e18d-11eb-a668-74e5f963e191" />
    <cim:IdentifiedObject.description>GEN01</cim:IdentifiedObject.description>
    <cim:IdentifiedObject.name>GEN01</cim:IdentifiedObject.name>
  </cim:TopologicalNode>
  <cim:TopologicalNode rdf:ID="_c8a23a25-e18d-11eb-a668-74e5f963e191">
    <cim:TopologicalNode.BaseVoltage rdf:resource="#_c8a23a0f-e18d-11eb-a668-74e5f963e191" />
    <cim:TopologicalNode.ConnectivityNodeContainer rdf:resource="#_c8a23a27-e18d-11eb-a668-74e5f963e191" />
    <cim:IdentifiedObject.description>LOAD</cim:IdentifiedObject.description>
    <cim:IdentifiedObject.name>LOAD</cim:IdentifiedObject.name>
  </cim:TopologicalNode>
  <cim:TopologicalNode rdf:ID="_c8a23a34-e18d-11eb-a668-74e5f963e191">
    <cim:TopologicalNode.BaseVoltage rdf:resource="#_c8a23a0f-e18d-11eb-a668-74e5f963e191" />
    <cim:TopologicalNode.ConnectivityNodeContainer rdf:resource="#_c8a23a0e-e18d-11eb-a668-74e5f963e191" />
    <cim:IdentifiedObject.description>GEN02</cim:IdentifiedObject.description>
    <cim:IdentifiedObject.name>GEN02</cim:IdentifiedObject.name>
  </cim:TopologicalNode>
  <cim:TopologicalNode rdf:ID="_c8a23a42-e18d-11eb-a668-74e5f963e191">
    <cim:TopologicalNode.BaseVoltage rdf:resource="#_c8a23a0f-e18d-11eb-a668-74e5f963e191" />
    <cim:TopologicalNode.ConnectivityNodeContainer rdf:resource="#_c8a23a44-e18d-11eb-a668-74e5f963e191" />
    <cim:IdentifiedObject.description>FAULT</cim:IdentifiedObject.description>
    <cim:IdentifiedObject.name>FAULT</cim:IdentifiedObject.name>
  </cim:TopologicalNode>
</rdf:RDF>