<?xml version="1.0" encoding="utf-8"?>
<rdf:RDF xmlns:rdf="http://www.w3.org/1999/02/22-rdf-syntax-ns#" xmlns:cim="http://iec.ch/TC57/2013/CIM-schema-cim16#" xmlns:entsoe="http://entsoe.eu/CIM/SchemaExtension/3/1#" xmlns:entsoe2="http://entsoe.eu/CIM/SchemaExtension/3/2#" xmlns:md="http://iec.ch/TC57/61970-552/ModelDescription/1#">
  <md:FullModel rdf:about="urn:uuid:b8ace75d-e190-11eb-a668-74e5f963e191">
    <md:Model.created>2021-07-10T15:08:52Z</md:Model.created>
    <md:Model.scenarioTime>2021-07-10T15:07:02Z</md:Model.scenarioTime>
    <md:Model.version>0</md:Model.version>
    <md:Model.description />
    <md:Model.modelingAuthoritySet>http://www.smib_wt4g1.com/smib_wt4g1</md:Model.modelingAuthoritySet>
    <md:Model.profile>http://entsoe.eu/CIM/SteadyStateHypothesis/1/1</md:Model.profile>
  </md:FullModel>
  <cim:ControlArea rdf:about="#_7ac6e306-e190-11eb-a668-74e5f963e191">
    <cim:ControlArea.netInterchange>0</cim:ControlArea.netInterchange>
    <cim:ControlArea.pTolerance>0</cim:ControlArea.pTolerance>
  </cim:ControlArea>
  <cim:HydroGeneratingUnit rdf:about="#_7ac6e33c-e190-11eb-a668-74e5f963e191">
    <cim:GeneratingUnit.normalPF>0</cim:GeneratingUnit.normalPF>
  </cim:HydroGeneratingUnit>
  <cim:HydroGeneratingUnit rdf:about="#_7ac6e344-e190-11eb-a668-74e5f963e191">
    <cim:GeneratingUnit.normalPF>1</cim:GeneratingUnit.normalPF>
  </cim:HydroGeneratingUnit>
  <cim:RegulatingControl rdf:about="#_7ac6e33f-e190-11eb-a668-74e5f963e191">
    <cim:RegulatingControl.discrete>false</cim:RegulatingControl.discrete>
    <cim:RegulatingControl.enabled>true</cim:RegulatingControl.enabled>
    <cim:RegulatingControl.targetDeadband>0</cim:RegulatingControl.targetDeadband>
    <cim:RegulatingControl.targetValue>100</cim:RegulatingControl.targetValue>
    <cim:RegulatingControl.targetValueUnitMultiplier rdf:resource="http://iec.ch/TC57/2013/CIM-schema-cim16#UnitMultiplier.k" />
  </cim:RegulatingControl>
  <cim:RegulatingControl rdf:about="#_7ac6e347-e190-11eb-a668-74e5f963e191">
    <cim:RegulatingControl.discrete>false</cim:RegulatingControl.discrete>
    <cim:RegulatingControl.enabled>true</cim:RegulatingControl.enabled>
    <cim:RegulatingControl.targetDeadband>0</cim:RegulatingControl.targetDeadband>
    <cim:RegulatingControl.targetValue>100</cim:RegulatingControl.targetValue>
    <cim:RegulatingControl.targetValueUnitMultiplier rdf:resource="http://iec.ch/TC57/2013/CIM-schema-cim16#UnitMultiplier.k" />
  </cim:RegulatingControl>
  <cim:SynchronousMachine rdf:about="#_7ac6e340-e190-11eb-a668-74e5f963e191">
    <cim:SynchronousMachine.operatingMode rdf:resource="http://iec.ch/TC57/2013/CIM-schema-cim16#SynchronousMachineOperatingMode.generator" />
    <cim:SynchronousMachine.referencePriority>0</cim:SynchronousMachine.referencePriority>
    <cim:RotatingMachine.p>-1.5</cim:RotatingMachine.p>
    <cim:RotatingMachine.q>-2</cim:RotatingMachine.q>
    <cim:RegulatingCondEq.controlEnabled>true</cim:RegulatingCondEq.controlEnabled>
  </cim:SynchronousMachine>
  <cim:SynchronousMachine rdf:about="#_7ac6e348-e190-11eb-a668-74e5f963e191">
    <cim:SynchronousMachine.operatingMode rdf:resource="http://iec.ch/TC57/2013/CIM-schema-cim16#SynchronousMachineOperatingMode.generator" />
    <cim:SynchronousMachine.referencePriority>1</cim:SynchronousMachine.referencePriority>
    <cim:RotatingMachine.p>1.5</cim:RotatingMachine.p>
    <cim:RotatingMachine.q>-1</cim:RotatingMachine.q>
    <cim:RegulatingCondEq.controlEnabled>true</cim:RegulatingCondEq.controlEnabled>
  </cim:SynchronousMachine>
  <cim:Terminal rdf:about="#_7ac6e302-e190-11eb-a668-74e5f963e191">
    <cim:ACDCTerminal.connected>true</cim:ACDCTerminal.connected>
  </cim:Terminal>
  <cim:Terminal rdf:about="#_7ac6e31f-e190-11eb-a668-74e5f963e191">
    <cim:ACDCTerminal.connected>true</cim:ACDCTerminal.connected>
  </cim:Terminal>
  <cim:Terminal rdf:about="#_7ac6e32e-e190-11eb-a668-74e5f963e191">
    <cim:ACDCTerminal.connected>true</cim:ACDCTerminal.connected>
  </cim:Terminal>
  <cim:Terminal rdf:about="#_7ac6e341-e190-11eb-a668-74e5f963e191">
    <cim:ACDCTerminal.connected>true</cim:ACDCTerminal.connected>
  </cim:Terminal>
  <cim:Terminal rdf:about="#_7ac6e349-e190-11eb-a668-74e5f963e191">
    <cim:ACDCTerminal.connected>true</cim:ACDCTerminal.connected>
  </cim:Terminal>
  <cim:Terminal rdf:about="#_7ac6e34d-e190-11eb-a668-74e5f963e191">
    <cim:ACDCTerminal.connected>true</cim:ACDCTerminal.connected>
  </cim:Terminal>
  <cim:Terminal rdf:about="#_7ac6e34e-e190-11eb-a668-74e5f963e191">
    <cim:ACDCTerminal.connected>true</cim:ACDCTerminal.connected>
  </cim:Terminal>
  <cim:Terminal rdf:about="#_7ac6e351-e190-11eb-a668-74e5f963e191">
    <cim:ACDCTerminal.connected>true</cim:ACDCTerminal.connected>
  </cim:Terminal>
  <cim:Terminal rdf:about="#_7ac6e352-e190-11eb-a668-74e5f963e191">
    <cim:ACDCTerminal.connected>true</cim:ACDCTerminal.connected>
  </cim:Terminal>
  <cim:Terminal rdf:about="#_7ac6e355-e190-11eb-a668-74e5f963e191">
    <cim:ACDCTerminal.connected>true</cim:ACDCTerminal.connected>
  </cim:Terminal>
  <cim:Terminal rdf:about="#_7ac6e356-e190-11eb-a668-74e5f963e191">
    <cim:ACDCTerminal.connected>true</cim:ACDCTerminal.connected>
  </cim:Terminal>
</rdf:RDF>