<?xml version="1.0" encoding="utf-8"?>
<rdf:RDF xmlns:rdf="http://www.w3.org/1999/02/22-rdf-syntax-ns#" xmlns:cim="http://iec.ch/TC57/2013/CIM-schema-cim16#" xmlns:entsoe="http://entsoe.eu/CIM/SchemaExtension/3/1#" xmlns:entsoe2="http://entsoe.eu/CIM/SchemaExtension/3/2#" xmlns:md="http://iec.ch/TC57/61970-552/ModelDescription/1#">
  <md:FullModel rdf:about="urn:uuid:7276cd99-e18d-11eb-a668-74e5f963e191">
    <md:Model.created>2021-07-10T14:45:27Z</md:Model.created>
    <md:Model.scenarioTime>2021-07-10T14:45:27Z</md:Model.scenarioTime>
    <md:Model.version>1</md:Model.version>
    <md:Model.description />
    <md:Model.modelingAuthoritySet>http://www.smib_gast.com/smib_gast</md:Model.modelingAuthoritySet>
    <md:Model.profile>http://entsoe.eu/CIM/Dynamics/3/1</md:Model.profile>
  </md:FullModel>
  <cim:ExcitationSystemUserDefined rdf:ID="_23df1652-e18d-11eb-a668-74e5f963e191">
    <cim:ExcitationSystemUserDefined.proprietary>true</cim:ExcitationSystemUserDefined.proprietary>
    <cim:ExcitationSystemDynamics.SynchronousMachineDynamics rdf:resource="#_23df1651-e18d-11eb-a668-74e5f963e191" />
    <cim:DynamicsFunctionBlock.enabled>true</cim:DynamicsFunctionBlock.enabled>
    <cim:IdentifiedObject.name>IEEET1</cim:IdentifiedObject.name>
  </cim:ExcitationSystemUserDefined>
  <cim:GovGAST rdf:ID="_23df1661-e18d-11eb-a668-74e5f963e191">
    <cim:GovGAST.mwbase>100</cim:GovGAST.mwbase>
    <cim:GovGAST.r>0.05</cim:GovGAST.r>
    <cim:GovGAST.t1>0.4</cim:GovGAST.t1>
    <cim:GovGAST.t2>0.1</cim:GovGAST.t2>
    <cim:GovGAST.t3>3</cim:GovGAST.t3>
    <cim:GovGAST.at>0.9</cim:GovGAST.at>
    <cim:GovGAST.kt>2</cim:GovGAST.kt>
    <cim:GovGAST.vmax>1</cim:GovGAST.vmax>
    <cim:GovGAST.vmin>-0.05</cim:GovGAST.vmin>
    <cim:GovGAST.dturb>0</cim:GovGAST.dturb>
    <cim:DynamicsFunctionBlock.enabled>true</cim:DynamicsFunctionBlock.enabled>
    <cim:IdentifiedObject.name>GAST</cim:IdentifiedObject.name>
    <cim:TurbineGovernorDynamics.SynchronousMachineDynamics rdf:resource="#_23df1651-e18d-11eb-a668-74e5f963e191" />
  </cim:GovGAST>
  <cim:ProprietaryParameterDynamics rdf:ID="_23df1653-e18d-11eb-a668-74e5f963e191">
    <cim:ProprietaryParameterDynamics.ExcitationSystemUserDefined rdf:resource="#_23df1652-e18d-11eb-a668-74e5f963e191" />
    <cim:ProprietaryParameterDynamics.parameterNumber>0</cim:ProprietaryParameterDynamics.parameterNumber>
    <cim:ProprietaryParameterDynamics.floatParameterValue>0.06</cim:ProprietaryParameterDynamics.floatParameterValue>
  </cim:ProprietaryParameterDynamics>
  <cim:ProprietaryParameterDynamics rdf:ID="_23df1654-e18d-11eb-a668-74e5f963e191">
    <cim:ProprietaryParameterDynamics.ExcitationSystemUserDefined rdf:resource="#_23df1652-e18d-11eb-a668-74e5f963e191" />
    <cim:ProprietaryParameterDynamics.parameterNumber>1</cim:ProprietaryParameterDynamics.parameterNumber>
    <cim:ProprietaryParameterDynamics.floatParameterValue>200</cim:ProprietaryParameterDynamics.floatParameterValue>
  </cim:ProprietaryParameterDynamics>
  <cim:ProprietaryParameterDynamics rdf:ID="_23df1655-e18d-11eb-a668-74e5f963e191">
    <cim:ProprietaryParameterDynamics.ExcitationSystemUserDefined rdf:resource="#_23df1652-e18d-11eb-a668-74e5f963e191" />
    <cim:ProprietaryParameterDynamics.parameterNumber>2</cim:ProprietaryParameterDynamics.parameterNumber>
    <cim:ProprietaryParameterDynamics.floatParameterValue>0.001</cim:ProprietaryParameterDynamics.floatParameterValue>
  </cim:ProprietaryParameterDynamics>
  <cim:ProprietaryParameterDynamics rdf:ID="_23df1656-e18d-11eb-a668-74e5f963e191">
    <cim:ProprietaryParameterDynamics.ExcitationSystemUserDefined rdf:resource="#_23df1652-e18d-11eb-a668-74e5f963e191" />
    <cim:ProprietaryParameterDynamics.parameterNumber>3</cim:ProprietaryParameterDynamics.parameterNumber>
    <cim:ProprietaryParameterDynamics.floatParameterValue>2</cim:ProprietaryParameterDynamics.floatParameterValue>
  </cim:ProprietaryParameterDynamics>
  <cim:ProprietaryParameterDynamics rdf:ID="_23df1657-e18d-11eb-a668-74e5f963e191">
    <cim:ProprietaryParameterDynamics.ExcitationSystemUserDefined rdf:resource="#_23df1652-e18d-11eb-a668-74e5f963e191" />
    <cim:ProprietaryParameterDynamics.parameterNumber>4</cim:ProprietaryParameterDynamics.parameterNumber>
    <cim:ProprietaryParameterDynamics.floatParameterValue>-2</cim:ProprietaryParameterDynamics.floatParameterValue>
  </cim:ProprietaryParameterDynamics>
  <cim:ProprietaryParameterDynamics rdf:ID="_23df1658-e18d-11eb-a668-74e5f963e191">
    <cim:ProprietaryParameterDynamics.ExcitationSystemUserDefined rdf:resource="#_23df1652-e18d-11eb-a668-74e5f963e191" />
    <cim:ProprietaryParameterDynamics.parameterNumber>5</cim:ProprietaryParameterDynamics.parameterNumber>
    <cim:ProprietaryParameterDynamics.floatParameterValue>0.1</cim:ProprietaryParameterDynamics.floatParameterValue>
  </cim:ProprietaryParameterDynamics>
  <cim:ProprietaryParameterDynamics rdf:ID="_23df1659-e18d-11eb-a668-74e5f963e191">
    <cim:ProprietaryParameterDynamics.ExcitationSystemUserDefined rdf:resource="#_23df1652-e18d-11eb-a668-74e5f963e191" />
    <cim:ProprietaryParameterDynamics.parameterNumber>6</cim:ProprietaryParameterDynamics.parameterNumber>
    <cim:ProprietaryParameterDynamics.floatParameterValue>0.55</cim:ProprietaryParameterDynamics.floatParameterValue>
  </cim:ProprietaryParameterDynamics>
  <cim:ProprietaryParameterDynamics rdf:ID="_23df165a-e18d-11eb-a668-74e5f963e191">
    <cim:ProprietaryParameterDynamics.ExcitationSystemUserDefined rdf:resource="#_23df1652-e18d-11eb-a668-74e5f963e191" />
    <cim:ProprietaryParameterDynamics.parameterNumber>7</cim:ProprietaryParameterDynamics.parameterNumber>
    <cim:ProprietaryParameterDynamics.floatParameterValue>0.06</cim:ProprietaryParameterDynamics.floatParameterValue>
  </cim:ProprietaryParameterDynamics>
  <cim:ProprietaryParameterDynamics rdf:ID="_23df165b-e18d-11eb-a668-74e5f963e191">
    <cim:ProprietaryParameterDynamics.ExcitationSystemUserDefined rdf:resource="#_23df1652-e18d-11eb-a668-74e5f963e191" />
    <cim:ProprietaryParameterDynamics.parameterNumber>8</cim:ProprietaryParameterDynamics.parameterNumber>
    <cim:ProprietaryParameterDynamics.floatParameterValue>1</cim:ProprietaryParameterDynamics.floatParameterValue>
  </cim:ProprietaryParameterDynamics>
  <cim:ProprietaryParameterDynamics rdf:ID="_23df165c-e18d-11eb-a668-74e5f963e191">
    <cim:ProprietaryParameterDynamics.ExcitationSystemUserDefined rdf:resource="#_23df1652-e18d-11eb-a668-74e5f963e191" />
    <cim:ProprietaryParameterDynamics.parameterNumber>9</cim:ProprietaryParameterDynamics.parameterNumber>
    <cim:ProprietaryParameterDynamics.floatParameterValue>0</cim:ProprietaryParameterDynamics.floatParameterValue>
  </cim:ProprietaryParameterDynamics>
  <cim:ProprietaryParameterDynamics rdf:ID="_23df165d-e18d-11eb-a668-74e5f963e191">
    <cim:ProprietaryParameterDynamics.ExcitationSystemUserDefined rdf:resource="#_23df1652-e18d-11eb-a668-74e5f963e191" />
    <cim:ProprietaryParameterDynamics.parameterNumber>10</cim:ProprietaryParameterDynamics.parameterNumber>
    <cim:ProprietaryParameterDynamics.floatParameterValue>2.85</cim:ProprietaryParameterDynamics.floatParameterValue>
  </cim:ProprietaryParameterDynamics>
  <cim:ProprietaryParameterDynamics rdf:ID="_23df165e-e18d-11eb-a668-74e5f963e191">
    <cim:ProprietaryParameterDynamics.ExcitationSystemUserDefined rdf:resource="#_23df1652-e18d-11eb-a668-74e5f963e191" />
    <cim:ProprietaryParameterDynamics.parameterNumber>11</cim:ProprietaryParameterDynamics.parameterNumber>
    <cim:ProprietaryParameterDynamics.floatParameterValue>0.3</cim:ProprietaryParameterDynamics.floatParameterValue>
  </cim:ProprietaryParameterDynamics>
  <cim:ProprietaryParameterDynamics rdf:ID="_23df165f-e18d-11eb-a668-74e5f963e191">
    <cim:ProprietaryParameterDynamics.ExcitationSystemUserDefined rdf:resource="#_23df1652-e18d-11eb-a668-74e5f963e191" />
    <cim:ProprietaryParameterDynamics.parameterNumber>12</cim:ProprietaryParameterDynamics.parameterNumber>
    <cim:ProprietaryParameterDynamics.floatParameterValue>3.8</cim:ProprietaryParameterDynamics.floatParameterValue>
  </cim:ProprietaryParameterDynamics>
  <cim:ProprietaryParameterDynamics rdf:ID="_23df1660-e18d-11eb-a668-74e5f963e191">
    <cim:ProprietaryParameterDynamics.ExcitationSystemUserDefined rdf:resource="#_23df1652-e18d-11eb-a668-74e5f963e191" />
    <cim:ProprietaryParameterDynamics.parameterNumber>13</cim:ProprietaryParameterDynamics.parameterNumber>
    <cim:ProprietaryParameterDynamics.floatParameterValue>0.6</cim:ProprietaryParameterDynamics.floatParameterValue>
  </cim:ProprietaryParameterDynamics>
  <cim:SynchronousMachineSimplified rdf:ID="_23df1662-e18d-11eb-a668-74e5f963e191">
    <cim:SynchronousMachineDynamics.SynchronousMachine rdf:resource="#_fbaf1098-e18c-11eb-a668-74e5f963e191" />
    <cim:RotatingMachineDynamics.damping>0</cim:RotatingMachineDynamics.damping>
    <cim:RotatingMachineDynamics.inertia>0</cim:RotatingMachineDynamics.inertia>
    <cim:RotatingMachineDynamics.saturationFactor>0</cim:RotatingMachineDynamics.saturationFactor>
    <cim:RotatingMachineDynamics.saturationFactor120>0</cim:RotatingMachineDynamics.saturationFactor120>
    <cim:DynamicsFunctionBlock.enabled>true</cim:DynamicsFunctionBlock.enabled>
    <cim:IdentifiedObject.name>GENCLS</cim:IdentifiedObject.name>
  </cim:SynchronousMachineSimplified>
  <cim:SynchronousMachineTimeConstantReactance rdf:ID="_23df1651-e18d-11eb-a668-74e5f963e191">
    <cim:SynchronousMachineTimeConstantReactance.rotorType rdf:resource="http://iec.ch/TC57/2013/CIM-schema-cim16#RotorKind.roundRotor" />
    <cim:SynchronousMachineTimeConstantReactance.modelType rdf:resource="http://iec.ch/TC57/2013/CIM-schema-cim16#SynchronousMachineModelKind.subtransient" />
    <cim:SynchronousMachineTimeConstantReactance.xDirectSync>1.84</cim:SynchronousMachineTimeConstantReactance.xDirectSync>
    <cim:SynchronousMachineTimeConstantReactance.xDirectTrans>0.41</cim:SynchronousMachineTimeConstantReactance.xDirectTrans>
    <cim:SynchronousMachineTimeConstantReactance.xDirectSubtrans>0.2</cim:SynchronousMachineTimeConstantReactance.xDirectSubtrans>
    <cim:SynchronousMachineTimeConstantReactance.xQuadSync>1.75</cim:SynchronousMachineTimeConstantReactance.xQuadSync>
    <cim:SynchronousMachineTimeConstantReactance.xQuadTrans>0.6</cim:SynchronousMachineTimeConstantReactance.xQuadTrans>
    <cim:SynchronousMachineTimeConstantReactance.tpdo>5</cim:SynchronousMachineTimeConstantReactance.tpdo>
    <cim:SynchronousMachineTimeConstantReactance.tppdo>0.07</cim:SynchronousMachineTimeConstantReactance.tppdo>
    <cim:SynchronousMachineTimeConstantReactance.tpqo>0.9</cim:SynchronousMachineTimeConstantReactance.tpqo>
    <cim:SynchronousMachineTimeConstantReactance.tppqo>0.09</cim:SynchronousMachineTimeConstantReactance.tppqo>
    <cim:SynchronousMachineDynamics.SynchronousMachine rdf:resource="#_fbaf1090-e18c-11eb-a668-74e5f963e191" />
    <cim:RotatingMachineDynamics.damping>0</cim:RotatingMachineDynamics.damping>
    <cim:RotatingMachineDynamics.inertia>4.28</cim:RotatingMachineDynamics.inertia>
    <cim:RotatingMachineDynamics.saturationFactor>0.11</cim:RotatingMachineDynamics.saturationFactor>
    <cim:RotatingMachineDynamics.saturationFactor120>0.39</cim:RotatingMachineDynamics.saturationFactor120>
    <cim:RotatingMachineDynamics.statorLeakageReactance>0.12</cim:RotatingMachineDynamics.statorLeakageReactance>
    <cim:DynamicsFunctionBlock.enabled>true</cim:DynamicsFunctionBlock.enabled>
    <cim:IdentifiedObject.name>GENROE</cim:IdentifiedObject.name>
  </cim:SynchronousMachineTimeConstantReactance>
</rdf:RDF>