<?xml version="1.0" encoding="utf-8"?>
<rdf:RDF xmlns:rdf="http://www.w3.org/1999/02/22-rdf-syntax-ns#" xmlns:cim="http://iec.ch/TC57/2013/CIM-schema-cim16#" xmlns:entsoe="http://entsoe.eu/CIM/SchemaExtension/3/1#" xmlns:entsoe2="http://entsoe.eu/CIM/SchemaExtension/3/2#" xmlns:md="http://iec.ch/TC57/61970-552/ModelDescription/1#">
  <md:FullModel rdf:about="urn:uuid:7276cd98-e18d-11eb-a668-74e5f963e191">
    <md:Model.created>2021-07-10T14:45:26Z</md:Model.created>
    <md:Model.scenarioTime>2021-07-10T14:42:00Z</md:Model.scenarioTime>
    <md:Model.version>0</md:Model.version>
    <md:Model.description />
    <md:Model.modelingAuthoritySet>http://www.smib_gast.com/smib_gast</md:Model.modelingAuthoritySet>
    <md:Model.profile>http://entsoe.eu/CIM/SteadyStateHypothesis/1/1</md:Model.profile>
  </md:FullModel>
  <cim:ConformLoad rdf:about="#_fbaf1086-e18c-11eb-a668-74e5f963e191">
    <cim:EnergyConsumer.p>50</cim:EnergyConsumer.p>
    <cim:EnergyConsumer.q>10</cim:EnergyConsumer.q>
  </cim:ConformLoad>
  <cim:ControlArea rdf:about="#_fbaf1040-e18c-11eb-a668-74e5f963e191">
    <cim:ControlArea.netInterchange>0</cim:ControlArea.netInterchange>
    <cim:ControlArea.pTolerance>0</cim:ControlArea.pTolerance>
  </cim:ControlArea>
  <cim:HydroGeneratingUnit rdf:about="#_fbaf108c-e18c-11eb-a668-74e5f963e191">
    <cim:GeneratingUnit.normalPF>0</cim:GeneratingUnit.normalPF>
  </cim:HydroGeneratingUnit>
  <cim:HydroGeneratingUnit rdf:about="#_fbaf1094-e18c-11eb-a668-74e5f963e191">
    <cim:GeneratingUnit.normalPF>1</cim:GeneratingUnit.normalPF>
  </cim:HydroGeneratingUnit>
  <cim:RegulatingControl rdf:about="#_fbaf108f-e18c-11eb-a668-74e5f963e191">
    <cim:RegulatingControl.discrete>false</cim:RegulatingControl.discrete>
    <cim:RegulatingControl.enabled>true</cim:RegulatingControl.enabled>
    <cim:RegulatingControl.targetDeadband>0</cim:RegulatingControl.targetDeadband>
    <cim:RegulatingControl.targetValue>100</cim:RegulatingControl.targetValue>
    <cim:RegulatingControl.targetValueUnitMultiplier rdf:resource="http://iec.ch/TC57/2013/CIM-schema-cim16#UnitMultiplier.k" />
  </cim:RegulatingControl>
  <cim:RegulatingControl rdf:about="#_fbaf1097-e18c-11eb-a668-74e5f963e191">
    <cim:RegulatingControl.discrete>false</cim:RegulatingControl.discrete>
    <cim:RegulatingControl.enabled>true</cim:RegulatingControl.enabled>
    <cim:RegulatingControl.targetDeadband>0</cim:RegulatingControl.targetDeadband>
    <cim:RegulatingControl.targetValue>100</cim:RegulatingControl.targetValue>
    <cim:RegulatingControl.targetValueUnitMultiplier rdf:resource="http://iec.ch/TC57/2013/CIM-schema-cim16#UnitMultiplier.k" />
  </cim:RegulatingControl>
  <cim:SynchronousMachine rdf:about="#_fbaf1090-e18c-11eb-a668-74e5f963e191">
    <cim:SynchronousMachine.operatingMode rdf:resource="http://iec.ch/TC57/2013/CIM-schema-cim16#SynchronousMachineOperatingMode.generator" />
    <cim:SynchronousMachine.referencePriority>0</cim:SynchronousMachine.referencePriority>
    <cim:RotatingMachine.p>-40</cim:RotatingMachine.p>
    <cim:RotatingMachine.q>-5.4166002274</cim:RotatingMachine.q>
    <cim:RegulatingCondEq.controlEnabled>true</cim:RegulatingCondEq.controlEnabled>
  </cim:SynchronousMachine>
  <cim:SynchronousMachine rdf:about="#_fbaf1098-e18c-11eb-a668-74e5f963e191">
    <cim:SynchronousMachine.operatingMode rdf:resource="http://iec.ch/TC57/2013/CIM-schema-cim16#SynchronousMachineOperatingMode.generator" />
    <cim:SynchronousMachine.referencePriority>1</cim:SynchronousMachine.referencePriority>
    <cim:RotatingMachine.p>-10.0170001984</cim:RotatingMachine.p>
    <cim:RotatingMachine.q>-8.0069999695</cim:RotatingMachine.q>
    <cim:RegulatingCondEq.controlEnabled>true</cim:RegulatingCondEq.controlEnabled>
  </cim:SynchronousMachine>
  <cim:Terminal rdf:about="#_fbaf103c-e18c-11eb-a668-74e5f963e191">
    <cim:ACDCTerminal.connected>true</cim:ACDCTerminal.connected>
  </cim:Terminal>
  <cim:Terminal rdf:about="#_fbaf1059-e18c-11eb-a668-74e5f963e191">
    <cim:ACDCTerminal.connected>true</cim:ACDCTerminal.connected>
  </cim:Terminal>
  <cim:Terminal rdf:about="#_fbaf1068-e18c-11eb-a668-74e5f963e191">
    <cim:ACDCTerminal.connected>true</cim:ACDCTerminal.connected>
  </cim:Terminal>
  <cim:Terminal rdf:about="#_fbaf1076-e18c-11eb-a668-74e5f963e191">
    <cim:ACDCTerminal.connected>true</cim:ACDCTerminal.connected>
  </cim:Terminal>
  <cim:Terminal rdf:about="#_fbaf1088-e18c-11eb-a668-74e5f963e191">
    <cim:ACDCTerminal.connected>true</cim:ACDCTerminal.connected>
  </cim:Terminal>
  <cim:Terminal rdf:about="#_fbaf1091-e18c-11eb-a668-74e5f963e191">
    <cim:ACDCTerminal.connected>true</cim:ACDCTerminal.connected>
  </cim:Terminal>
  <cim:Terminal rdf:about="#_fbaf1099-e18c-11eb-a668-74e5f963e191">
    <cim:ACDCTerminal.connected>true</cim:ACDCTerminal.connected>
  </cim:Terminal>
  <cim:Terminal rdf:about="#_fbaf109d-e18c-11eb-a668-74e5f963e191">
    <cim:ACDCTerminal.connected>true</cim:ACDCTerminal.connected>
  </cim:Terminal>
  <cim:Terminal rdf:about="#_fbaf109e-e18c-11eb-a668-74e5f963e191">
    <cim:ACDCTerminal.connected>true</cim:ACDCTerminal.connected>
  </cim:Terminal>
  <cim:Terminal rdf:about="#_fbaf10a1-e18c-11eb-a668-74e5f963e191">
    <cim:ACDCTerminal.connected>true</cim:ACDCTerminal.connected>
  </cim:Terminal>
  <cim:Terminal rdf:about="#_fbaf10a2-e18c-11eb-a668-74e5f963e191">
    <cim:ACDCTerminal.connected>true</cim:ACDCTerminal.connected>
  </cim:Terminal>
  <cim:Terminal rdf:about="#_fbaf10a5-e18c-11eb-a668-74e5f963e191">
    <cim:ACDCTerminal.connected>true</cim:ACDCTerminal.connected>
  </cim:Terminal>
  <cim:Terminal rdf:about="#_fbaf10a6-e18c-11eb-a668-74e5f963e191">
    <cim:ACDCTerminal.connected>true</cim:ACDCTerminal.connected>
  </cim:Terminal>
  <cim:Terminal rdf:about="#_fbaf10a9-e18c-11eb-a668-74e5f963e191">
    <cim:ACDCTerminal.connected>true</cim:ACDCTerminal.connected>
  </cim:Terminal>
  <cim:Terminal rdf:about="#_fbaf10aa-e18c-11eb-a668-74e5f963e191">
    <cim:ACDCTerminal.connected>true</cim:ACDCTerminal.connected>
  </cim:Terminal>
</rdf:RDF>