<?xml version="1.0" encoding="utf-8"?>
<rdf:RDF xmlns:rdf="http://www.w3.org/1999/02/22-rdf-syntax-ns#" xmlns:cim="http://iec.ch/TC57/2013/CIM-schema-cim16#" xmlns:entsoe="http://entsoe.eu/CIM/SchemaExtension/3/1#" xmlns:entsoe2="http://entsoe.eu/CIM/SchemaExtension/3/2#" xmlns:md="http://iec.ch/TC57/61970-552/ModelDescription/1#">
  <md:FullModel rdf:about="urn:uuid:b93f3756-e262-11eb-a668-74e5f963e191">
    <md:Model.created>2021-07-11T16:12:01Z</md:Model.created>
    <md:Model.scenarioTime>2021-07-11T16:12:01Z</md:Model.scenarioTime>
    <md:Model.version>1</md:Model.version>
    <md:Model.description />
    <md:Model.profile>http://entsoe.eu/CIM/StateVariables/4/1</md:Model.profile>
  </md:FullModel>
  <cim:SvPowerFlow rdf:ID="_7035d46e-e262-11eb-a668-74e5f963e191">
    <cim:SvPowerFlow.Terminal rdf:resource="#_7035d46c-e262-11eb-a668-74e5f963e191" />
    <cim:SvPowerFlow.p>293.761</cim:SvPowerFlow.p>
    <cim:SvPowerFlow.q>99.393</cim:SvPowerFlow.q>
  </cim:SvPowerFlow>
  <cim:SvPowerFlow rdf:ID="_7035d475-e262-11eb-a668-74e5f963e191">
    <cim:SvPowerFlow.Terminal rdf:resource="#_7035d473-e262-11eb-a668-74e5f963e191" />
    <cim:SvPowerFlow.p>293.761</cim:SvPowerFlow.p>
    <cim:SvPowerFlow.q>99.393</cim:SvPowerFlow.q>
  </cim:SvPowerFlow>
  <cim:SvPowerFlow rdf:ID="_7035d47c-e262-11eb-a668-74e5f963e191">
    <cim:SvPowerFlow.Terminal rdf:resource="#_7035d47a-e262-11eb-a668-74e5f963e191" />
    <cim:SvPowerFlow.p>293.761</cim:SvPowerFlow.p>
    <cim:SvPowerFlow.q>99.393</cim:SvPowerFlow.q>
  </cim:SvPowerFlow>
  <cim:SvPowerFlow rdf:ID="_7035d483-e262-11eb-a668-74e5f963e191">
    <cim:SvPowerFlow.Terminal rdf:resource="#_7035d481-e262-11eb-a668-74e5f963e191" />
    <cim:SvPowerFlow.p>1220</cim:SvPowerFlow.p>
    <cim:SvPowerFlow.q>400.995</cim:SvPowerFlow.q>
  </cim:SvPowerFlow>
  <cim:SvPowerFlow rdf:ID="_7035d48a-e262-11eb-a668-74e5f963e191">
    <cim:SvPowerFlow.Terminal rdf:resource="#_7035d488-e262-11eb-a668-74e5f963e191" />
    <cim:SvPowerFlow.p>90.183</cim:SvPowerFlow.p>
    <cim:SvPowerFlow.q>94.384</cim:SvPowerFlow.q>
  </cim:SvPowerFlow>
  <cim:SvPowerFlow rdf:ID="_7035d491-e262-11eb-a668-74e5f963e191">
    <cim:SvPowerFlow.Terminal rdf:resource="#_7035d48f-e262-11eb-a668-74e5f963e191" />
    <cim:SvPowerFlow.p>1029</cim:SvPowerFlow.p>
    <cim:SvPowerFlow.q>338.216</cim:SvPowerFlow.q>
  </cim:SvPowerFlow>
  <cim:SvPowerFlow rdf:ID="_7035d498-e262-11eb-a668-74e5f963e191">
    <cim:SvPowerFlow.Terminal rdf:resource="#_7035d496-e262-11eb-a668-74e5f963e191" />
    <cim:SvPowerFlow.p>1893.817</cim:SvPowerFlow.p>
    <cim:SvPowerFlow.q>557.725</cim:SvPowerFlow.q>
  </cim:SvPowerFlow>
  <cim:SvPowerFlow rdf:ID="_7035d49f-e262-11eb-a668-74e5f963e191">
    <cim:SvPowerFlow.Terminal rdf:resource="#_7035d49d-e262-11eb-a668-74e5f963e191" />
    <cim:SvPowerFlow.p>1285.4</cim:SvPowerFlow.p>
    <cim:SvPowerFlow.q>358.053</cim:SvPowerFlow.q>
  </cim:SvPowerFlow>
  <cim:SvPowerFlow rdf:ID="_7035d4a6-e262-11eb-a668-74e5f963e191">
    <cim:SvPowerFlow.Terminal rdf:resource="#_7035d4a4-e262-11eb-a668-74e5f963e191" />
    <cim:SvPowerFlow.p>1285.4</cim:SvPowerFlow.p>
    <cim:SvPowerFlow.q>358.053</cim:SvPowerFlow.q>
  </cim:SvPowerFlow>
  <cim:SvPowerFlow rdf:ID="_7035d4ad-e262-11eb-a668-74e5f963e191">
    <cim:SvPowerFlow.Terminal rdf:resource="#_7035d4ab-e262-11eb-a668-74e5f963e191" />
    <cim:SvPowerFlow.p>1542.479</cim:SvPowerFlow.p>
    <cim:SvPowerFlow.q>537.078</cim:SvPowerFlow.q>
  </cim:SvPowerFlow>
  <cim:SvPowerFlow rdf:ID="_7035d4b4-e262-11eb-a668-74e5f963e191">
    <cim:SvPowerFlow.Terminal rdf:resource="#_7035d4b2-e262-11eb-a668-74e5f963e191" />
    <cim:SvPowerFlow.p>1542.479</cim:SvPowerFlow.p>
    <cim:SvPowerFlow.q>537.078</cim:SvPowerFlow.q>
  </cim:SvPowerFlow>
  <cim:SvPowerFlow rdf:ID="_7035d4bb-e262-11eb-a668-74e5f963e191">
    <cim:SvPowerFlow.Terminal rdf:resource="#_7035d4b9-e262-11eb-a668-74e5f963e191" />
    <cim:SvPowerFlow.p>1542.479</cim:SvPowerFlow.p>
    <cim:SvPowerFlow.q>537.078</cim:SvPowerFlow.q>
  </cim:SvPowerFlow>
  <cim:SvPowerFlow rdf:ID="_7035d4c2-e262-11eb-a668-74e5f963e191">
    <cim:SvPowerFlow.Terminal rdf:resource="#_7035d4c0-e262-11eb-a668-74e5f963e191" />
    <cim:SvPowerFlow.p>1542.479</cim:SvPowerFlow.p>
    <cim:SvPowerFlow.q>537.078</cim:SvPowerFlow.q>
  </cim:SvPowerFlow>
  <cim:SvPowerFlow rdf:ID="_7035d4c9-e262-11eb-a668-74e5f963e191">
    <cim:SvPowerFlow.Terminal rdf:resource="#_7035d4c7-e262-11eb-a668-74e5f963e191" />
    <cim:SvPowerFlow.p>-80</cim:SvPowerFlow.p>
    <cim:SvPowerFlow.q>-26.295</cim:SvPowerFlow.q>
  </cim:SvPowerFlow>
  <cim:SvPowerFlow rdf:ID="_7035d4d0-e262-11eb-a668-74e5f963e191">
    <cim:SvPowerFlow.Terminal rdf:resource="#_7035d4ce-e262-11eb-a668-74e5f963e191" />
    <cim:SvPowerFlow.p>586.618</cim:SvPowerFlow.p>
    <cim:SvPowerFlow.q>163.598</cim:SvPowerFlow.q>
  </cim:SvPowerFlow>
  <cim:SvPowerFlow rdf:ID="_7035d4d7-e262-11eb-a668-74e5f963e191">
    <cim:SvPowerFlow.Terminal rdf:resource="#_7035d4d5-e262-11eb-a668-74e5f963e191" />
    <cim:SvPowerFlow.p>2303</cim:SvPowerFlow.p>
    <cim:SvPowerFlow.q>756.959</cim:SvPowerFlow.q>
  </cim:SvPowerFlow>
  <cim:SvPowerFlow rdf:ID="_7035d4de-e262-11eb-a668-74e5f963e191">
    <cim:SvPowerFlow.Terminal rdf:resource="#_7035d4dc-e262-11eb-a668-74e5f963e191" />
    <cim:SvPowerFlow.p>1226.567</cim:SvPowerFlow.p>
    <cim:SvPowerFlow.q>233.71</cim:SvPowerFlow.q>
  </cim:SvPowerFlow>
  <cim:SvPowerFlow rdf:ID="_7035d4e5-e262-11eb-a668-74e5f963e191">
    <cim:SvPowerFlow.Terminal rdf:resource="#_7035d4e3-e262-11eb-a668-74e5f963e191" />
    <cim:SvPowerFlow.p>1119.908</cim:SvPowerFlow.p>
    <cim:SvPowerFlow.q>467.424</cim:SvPowerFlow.q>
  </cim:SvPowerFlow>
  <cim:SvPowerFlow rdf:ID="_7035d4ec-e262-11eb-a668-74e5f963e191">
    <cim:SvPowerFlow.Terminal rdf:resource="#_7035d4ea-e262-11eb-a668-74e5f963e191" />
    <cim:SvPowerFlow.p>1119.908</cim:SvPowerFlow.p>
    <cim:SvPowerFlow.q>467.424</cim:SvPowerFlow.q>
  </cim:SvPowerFlow>
  <cim:SvPowerFlow rdf:ID="_7035d4f3-e262-11eb-a668-74e5f963e191">
    <cim:SvPowerFlow.Terminal rdf:resource="#_7035d4f1-e262-11eb-a668-74e5f963e191" />
    <cim:SvPowerFlow.p>1397.946</cim:SvPowerFlow.p>
    <cim:SvPowerFlow.q>284.835</cim:SvPowerFlow.q>
  </cim:SvPowerFlow>
  <cim:SvPowerFlow rdf:ID="_7035d4fa-e262-11eb-a668-74e5f963e191">
    <cim:SvPowerFlow.Terminal rdf:resource="#_7035d4f8-e262-11eb-a668-74e5f963e191" />
    <cim:SvPowerFlow.p>1397.946</cim:SvPowerFlow.p>
    <cim:SvPowerFlow.q>284.835</cim:SvPowerFlow.q>
  </cim:SvPowerFlow>
  <cim:SvPowerFlow rdf:ID="_7035d501-e262-11eb-a668-74e5f963e191">
    <cim:SvPowerFlow.Terminal rdf:resource="#_7035d4ff-e262-11eb-a668-74e5f963e191" />
    <cim:SvPowerFlow.p>-1584</cim:SvPowerFlow.p>
    <cim:SvPowerFlow.q>-225.708</cim:SvPowerFlow.q>
  </cim:SvPowerFlow>
  <cim:SvPowerFlow rdf:ID="_7035d508-e262-11eb-a668-74e5f963e191">
    <cim:SvPowerFlow.Terminal rdf:resource="#_7035d506-e262-11eb-a668-74e5f963e191" />
    <cim:SvPowerFlow.p>727</cim:SvPowerFlow.p>
    <cim:SvPowerFlow.q>238.953</cim:SvPowerFlow.q>
  </cim:SvPowerFlow>
  <cim:SvPowerFlow rdf:ID="_7035d50f-e262-11eb-a668-74e5f963e191">
    <cim:SvPowerFlow.Terminal rdf:resource="#_7035d50d-e262-11eb-a668-74e5f963e191" />
    <cim:SvPowerFlow.p>714.054</cim:SvPowerFlow.p>
    <cim:SvPowerFlow.q>261.882</cim:SvPowerFlow.q>
  </cim:SvPowerFlow>
  <cim:SvPowerFlow rdf:ID="_7035d516-e262-11eb-a668-74e5f963e191">
    <cim:SvPowerFlow.Terminal rdf:resource="#_7035d514-e262-11eb-a668-74e5f963e191" />
    <cim:SvPowerFlow.p>714.054</cim:SvPowerFlow.p>
    <cim:SvPowerFlow.q>261.882</cim:SvPowerFlow.q>
  </cim:SvPowerFlow>
  <cim:SvPowerFlow rdf:ID="_7035d51d-e262-11eb-a668-74e5f963e191">
    <cim:SvPowerFlow.Terminal rdf:resource="#_7035d51b-e262-11eb-a668-74e5f963e191" />
    <cim:SvPowerFlow.p>832.667</cim:SvPowerFlow.p>
    <cim:SvPowerFlow.q>273.684</cim:SvPowerFlow.q>
  </cim:SvPowerFlow>
  <cim:SvPowerFlow rdf:ID="_7035d524-e262-11eb-a668-74e5f963e191">
    <cim:SvPowerFlow.Terminal rdf:resource="#_7035d522-e262-11eb-a668-74e5f963e191" />
    <cim:SvPowerFlow.p>832.667</cim:SvPowerFlow.p>
    <cim:SvPowerFlow.q>273.684</cim:SvPowerFlow.q>
  </cim:SvPowerFlow>
  <cim:SvPowerFlow rdf:ID="_7035d52b-e262-11eb-a668-74e5f963e191">
    <cim:SvPowerFlow.Terminal rdf:resource="#_7035d529-e262-11eb-a668-74e5f963e191" />
    <cim:SvPowerFlow.p>832.667</cim:SvPowerFlow.p>
    <cim:SvPowerFlow.q>273.684</cim:SvPowerFlow.q>
  </cim:SvPowerFlow>
  <cim:SvPowerFlow rdf:ID="_7035d532-e262-11eb-a668-74e5f963e191">
    <cim:SvPowerFlow.Terminal rdf:resource="#_7035d530-e262-11eb-a668-74e5f963e191" />
    <cim:SvPowerFlow.p>2256</cim:SvPowerFlow.p>
    <cim:SvPowerFlow.q>741.511</cim:SvPowerFlow.q>
  </cim:SvPowerFlow>
  <cim:SvPowerFlow rdf:ID="_7035d539-e262-11eb-a668-74e5f963e191">
    <cim:SvPowerFlow.Terminal rdf:resource="#_7035d537-e262-11eb-a668-74e5f963e191" />
    <cim:SvPowerFlow.p>-36</cim:SvPowerFlow.p>
    <cim:SvPowerFlow.q>-11.833</cim:SvPowerFlow.q>
  </cim:SvPowerFlow>
  <cim:SvPowerFlow rdf:ID="_7035d540-e262-11eb-a668-74e5f963e191">
    <cim:SvPowerFlow.Terminal rdf:resource="#_7035d53e-e262-11eb-a668-74e5f963e191" />
    <cim:SvPowerFlow.p>-18</cim:SvPowerFlow.p>
    <cim:SvPowerFlow.q>-5.916</cim:SvPowerFlow.q>
  </cim:SvPowerFlow>
  <cim:SvPowerFlow rdf:ID="_7035d547-e262-11eb-a668-74e5f963e191">
    <cim:SvPowerFlow.Terminal rdf:resource="#_7035d545-e262-11eb-a668-74e5f963e191" />
    <cim:SvPowerFlow.p>1372.248</cim:SvPowerFlow.p>
    <cim:SvPowerFlow.q>286.124</cim:SvPowerFlow.q>
  </cim:SvPowerFlow>
  <cim:SvPowerFlow rdf:ID="_7035d54e-e262-11eb-a668-74e5f963e191">
    <cim:SvPowerFlow.Terminal rdf:resource="#_7035d54c-e262-11eb-a668-74e5f963e191" />
    <cim:SvPowerFlow.p>1372.248</cim:SvPowerFlow.p>
    <cim:SvPowerFlow.q>286.124</cim:SvPowerFlow.q>
  </cim:SvPowerFlow>
  <cim:SvPowerFlow rdf:ID="_7035d555-e262-11eb-a668-74e5f963e191">
    <cim:SvPowerFlow.Terminal rdf:resource="#_7035d553-e262-11eb-a668-74e5f963e191" />
    <cim:SvPowerFlow.p>1372.248</cim:SvPowerFlow.p>
    <cim:SvPowerFlow.q>286.124</cim:SvPowerFlow.q>
  </cim:SvPowerFlow>
  <cim:SvPowerFlow rdf:ID="_7035d55c-e262-11eb-a668-74e5f963e191">
    <cim:SvPowerFlow.Terminal rdf:resource="#_7035d55a-e262-11eb-a668-74e5f963e191" />
    <cim:SvPowerFlow.p>1372.248</cim:SvPowerFlow.p>
    <cim:SvPowerFlow.q>286.124</cim:SvPowerFlow.q>
  </cim:SvPowerFlow>
  <cim:SvPowerFlow rdf:ID="_7035d563-e262-11eb-a668-74e5f963e191">
    <cim:SvPowerFlow.Terminal rdf:resource="#_7035d561-e262-11eb-a668-74e5f963e191" />
    <cim:SvPowerFlow.p>1372.248</cim:SvPowerFlow.p>
    <cim:SvPowerFlow.q>286.124</cim:SvPowerFlow.q>
  </cim:SvPowerFlow>
  <cim:SvPowerFlow rdf:ID="_7035d56a-e262-11eb-a668-74e5f963e191">
    <cim:SvPowerFlow.Terminal rdf:resource="#_7035d568-e262-11eb-a668-74e5f963e191" />
    <cim:SvPowerFlow.p>-1220</cim:SvPowerFlow.p>
    <cim:SvPowerFlow.q>-400.995</cim:SvPowerFlow.q>
  </cim:SvPowerFlow>
  <cim:SvPowerFlow rdf:ID="_7035d571-e262-11eb-a668-74e5f963e191">
    <cim:SvPowerFlow.Terminal rdf:resource="#_7035d56f-e262-11eb-a668-74e5f963e191" />
    <cim:SvPowerFlow.p>-1005</cim:SvPowerFlow.p>
    <cim:SvPowerFlow.q>-330.328</cim:SvPowerFlow.q>
  </cim:SvPowerFlow>
  <cim:SvPowerFlow rdf:ID="_7035d578-e262-11eb-a668-74e5f963e191">
    <cim:SvPowerFlow.Terminal rdf:resource="#_7035d576-e262-11eb-a668-74e5f963e191" />
    <cim:SvPowerFlow.p>719</cim:SvPowerFlow.p>
    <cim:SvPowerFlow.q>236.324</cim:SvPowerFlow.q>
  </cim:SvPowerFlow>
  <cim:SvPowerFlow rdf:ID="_7035d57f-e262-11eb-a668-74e5f963e191">
    <cim:SvPowerFlow.Terminal rdf:resource="#_7035d57d-e262-11eb-a668-74e5f963e191" />
    <cim:SvPowerFlow.p>1232.879</cim:SvPowerFlow.p>
    <cim:SvPowerFlow.q>817.509</cim:SvPowerFlow.q>
  </cim:SvPowerFlow>
  <cim:SvPowerFlow rdf:ID="_7035d586-e262-11eb-a668-74e5f963e191">
    <cim:SvPowerFlow.Terminal rdf:resource="#_7035d584-e262-11eb-a668-74e5f963e191" />
    <cim:SvPowerFlow.p>1232.879</cim:SvPowerFlow.p>
    <cim:SvPowerFlow.q>817.509</cim:SvPowerFlow.q>
  </cim:SvPowerFlow>
  <cim:SvPowerFlow rdf:ID="_7035d58d-e262-11eb-a668-74e5f963e191">
    <cim:SvPowerFlow.Terminal rdf:resource="#_7035d58b-e262-11eb-a668-74e5f963e191" />
    <cim:SvPowerFlow.p>36</cim:SvPowerFlow.p>
    <cim:SvPowerFlow.q>11.833</cim:SvPowerFlow.q>
  </cim:SvPowerFlow>
  <cim:SvPowerFlow rdf:ID="_7035d594-e262-11eb-a668-74e5f963e191">
    <cim:SvPowerFlow.Terminal rdf:resource="#_7035d592-e262-11eb-a668-74e5f963e191" />
    <cim:SvPowerFlow.p>963.667</cim:SvPowerFlow.p>
    <cim:SvPowerFlow.q>316.742</cim:SvPowerFlow.q>
  </cim:SvPowerFlow>
  <cim:SvPowerFlow rdf:ID="_7035d59b-e262-11eb-a668-74e5f963e191">
    <cim:SvPowerFlow.Terminal rdf:resource="#_7035d599-e262-11eb-a668-74e5f963e191" />
    <cim:SvPowerFlow.p>963.667</cim:SvPowerFlow.p>
    <cim:SvPowerFlow.q>316.742</cim:SvPowerFlow.q>
  </cim:SvPowerFlow>
  <cim:SvPowerFlow rdf:ID="_7035d5a2-e262-11eb-a668-74e5f963e191">
    <cim:SvPowerFlow.Terminal rdf:resource="#_7035d5a0-e262-11eb-a668-74e5f963e191" />
    <cim:SvPowerFlow.p>963.667</cim:SvPowerFlow.p>
    <cim:SvPowerFlow.q>316.742</cim:SvPowerFlow.q>
  </cim:SvPowerFlow>
  <cim:SvPowerFlow rdf:ID="_7035d5a9-e262-11eb-a668-74e5f963e191">
    <cim:SvPowerFlow.Terminal rdf:resource="#_7035d5a7-e262-11eb-a668-74e5f963e191" />
    <cim:SvPowerFlow.p>-400</cim:SvPowerFlow.p>
    <cim:SvPowerFlow.q>-131.474</cim:SvPowerFlow.q>
  </cim:SvPowerFlow>
  <cim:SvPowerFlow rdf:ID="_7035d5b0-e262-11eb-a668-74e5f963e191">
    <cim:SvPowerFlow.Terminal rdf:resource="#_7035d5ae-e262-11eb-a668-74e5f963e191" />
    <cim:SvPowerFlow.p>-76</cim:SvPowerFlow.p>
    <cim:SvPowerFlow.q>-24.98</cim:SvPowerFlow.q>
  </cim:SvPowerFlow>
  <cim:SvPowerFlow rdf:ID="_7035d5b7-e262-11eb-a668-74e5f963e191">
    <cim:SvPowerFlow.Terminal rdf:resource="#_7035d5b5-e262-11eb-a668-74e5f963e191" />
    <cim:SvPowerFlow.p>0</cim:SvPowerFlow.p>
    <cim:SvPowerFlow.q>0</cim:SvPowerFlow.q>
  </cim:SvPowerFlow>
  <cim:SvPowerFlow rdf:ID="_7035d5bf-e262-11eb-a668-74e5f963e191">
    <cim:SvPowerFlow.Terminal rdf:resource="#_7035d5be-e262-11eb-a668-74e5f963e191" />
    <cim:SvPowerFlow.p>-371.233</cim:SvPowerFlow.p>
    <cim:SvPowerFlow.q>-172.777</cim:SvPowerFlow.q>
  </cim:SvPowerFlow>
  <cim:SvPowerFlow rdf:ID="_7035d5c5-e262-11eb-a668-74e5f963e191">
    <cim:SvPowerFlow.Terminal rdf:resource="#_7035d5c4-e262-11eb-a668-74e5f963e191" />
    <cim:SvPowerFlow.p>-371.233</cim:SvPowerFlow.p>
    <cim:SvPowerFlow.q>-172.777</cim:SvPowerFlow.q>
  </cim:SvPowerFlow>
  <cim:SvPowerFlow rdf:ID="_7035d5cb-e262-11eb-a668-74e5f963e191">
    <cim:SvPowerFlow.Terminal rdf:resource="#_7035d5ca-e262-11eb-a668-74e5f963e191" />
    <cim:SvPowerFlow.p>-371.233</cim:SvPowerFlow.p>
    <cim:SvPowerFlow.q>-172.777</cim:SvPowerFlow.q>
  </cim:SvPowerFlow>
  <cim:SvPowerFlow rdf:ID="_7035d5d7-e262-11eb-a668-74e5f963e191">
    <cim:SvPowerFlow.Terminal rdf:resource="#_7035d5d6-e262-11eb-a668-74e5f963e191" />
    <cim:SvPowerFlow.p>-316.4</cim:SvPowerFlow.p>
    <cim:SvPowerFlow.q>65.747</cim:SvPowerFlow.q>
  </cim:SvPowerFlow>
  <cim:SvPowerFlow rdf:ID="_7035d5de-e262-11eb-a668-74e5f963e191">
    <cim:SvPowerFlow.Terminal rdf:resource="#_7035d5dd-e262-11eb-a668-74e5f963e191" />
    <cim:SvPowerFlow.p>-316.4</cim:SvPowerFlow.p>
    <cim:SvPowerFlow.q>65.747</cim:SvPowerFlow.q>
  </cim:SvPowerFlow>
  <cim:SvPowerFlow rdf:ID="_7035d5e5-e262-11eb-a668-74e5f963e191">
    <cim:SvPowerFlow.Terminal rdf:resource="#_7035d5e4-e262-11eb-a668-74e5f963e191" />
    <cim:SvPowerFlow.p>-316.4</cim:SvPowerFlow.p>
    <cim:SvPowerFlow.q>65.747</cim:SvPowerFlow.q>
  </cim:SvPowerFlow>
  <cim:SvPowerFlow rdf:ID="_7035d5ec-e262-11eb-a668-74e5f963e191">
    <cim:SvPowerFlow.Terminal rdf:resource="#_7035d5eb-e262-11eb-a668-74e5f963e191" />
    <cim:SvPowerFlow.p>-316.4</cim:SvPowerFlow.p>
    <cim:SvPowerFlow.q>65.747</cim:SvPowerFlow.q>
  </cim:SvPowerFlow>
  <cim:SvPowerFlow rdf:ID="_7035d5f3-e262-11eb-a668-74e5f963e191">
    <cim:SvPowerFlow.Terminal rdf:resource="#_7035d5f2-e262-11eb-a668-74e5f963e191" />
    <cim:SvPowerFlow.p>-316.4</cim:SvPowerFlow.p>
    <cim:SvPowerFlow.q>65.747</cim:SvPowerFlow.q>
  </cim:SvPowerFlow>
  <cim:SvPowerFlow rdf:ID="_7035d5fc-e262-11eb-a668-74e5f963e191">
    <cim:SvPowerFlow.Terminal rdf:resource="#_7035d5fb-e262-11eb-a668-74e5f963e191" />
    <cim:SvPowerFlow.p>-200.27</cim:SvPowerFlow.p>
    <cim:SvPowerFlow.q>24.521</cim:SvPowerFlow.q>
  </cim:SvPowerFlow>
  <cim:SvPowerFlow rdf:ID="_7035d608-e262-11eb-a668-74e5f963e191">
    <cim:SvPowerFlow.Terminal rdf:resource="#_7035d607-e262-11eb-a668-74e5f963e191" />
    <cim:SvPowerFlow.p>-439.841</cim:SvPowerFlow.p>
    <cim:SvPowerFlow.q>-7.17</cim:SvPowerFlow.q>
  </cim:SvPowerFlow>
  <cim:SvPowerFlow rdf:ID="_7035d60f-e262-11eb-a668-74e5f963e191">
    <cim:SvPowerFlow.Terminal rdf:resource="#_7035d60e-e262-11eb-a668-74e5f963e191" />
    <cim:SvPowerFlow.p>-439.841</cim:SvPowerFlow.p>
    <cim:SvPowerFlow.q>-7.17</cim:SvPowerFlow.q>
  </cim:SvPowerFlow>
  <cim:SvPowerFlow rdf:ID="_7035d616-e262-11eb-a668-74e5f963e191">
    <cim:SvPowerFlow.Terminal rdf:resource="#_7035d615-e262-11eb-a668-74e5f963e191" />
    <cim:SvPowerFlow.p>-439.841</cim:SvPowerFlow.p>
    <cim:SvPowerFlow.q>-7.17</cim:SvPowerFlow.q>
  </cim:SvPowerFlow>
  <cim:SvPowerFlow rdf:ID="_7035d61d-e262-11eb-a668-74e5f963e191">
    <cim:SvPowerFlow.Terminal rdf:resource="#_7035d61c-e262-11eb-a668-74e5f963e191" />
    <cim:SvPowerFlow.p>-439.841</cim:SvPowerFlow.p>
    <cim:SvPowerFlow.q>-7.17</cim:SvPowerFlow.q>
  </cim:SvPowerFlow>
  <cim:SvPowerFlow rdf:ID="_7035d624-e262-11eb-a668-74e5f963e191">
    <cim:SvPowerFlow.Terminal rdf:resource="#_7035d623-e262-11eb-a668-74e5f963e191" />
    <cim:SvPowerFlow.p>-439.841</cim:SvPowerFlow.p>
    <cim:SvPowerFlow.q>-7.17</cim:SvPowerFlow.q>
  </cim:SvPowerFlow>
  <cim:SvPowerFlow rdf:ID="_7035d62b-e262-11eb-a668-74e5f963e191">
    <cim:SvPowerFlow.Terminal rdf:resource="#_7035d62a-e262-11eb-a668-74e5f963e191" />
    <cim:SvPowerFlow.p>-439.841</cim:SvPowerFlow.p>
    <cim:SvPowerFlow.q>-7.17</cim:SvPowerFlow.q>
  </cim:SvPowerFlow>
  <cim:SvPowerFlow rdf:ID="_7035d632-e262-11eb-a668-74e5f963e191">
    <cim:SvPowerFlow.Terminal rdf:resource="#_7035d631-e262-11eb-a668-74e5f963e191" />
    <cim:SvPowerFlow.p>-439.841</cim:SvPowerFlow.p>
    <cim:SvPowerFlow.q>-7.17</cim:SvPowerFlow.q>
  </cim:SvPowerFlow>
  <cim:SvPowerFlow rdf:ID="_7035d639-e262-11eb-a668-74e5f963e191">
    <cim:SvPowerFlow.Terminal rdf:resource="#_7035d638-e262-11eb-a668-74e5f963e191" />
    <cim:SvPowerFlow.p>-439.841</cim:SvPowerFlow.p>
    <cim:SvPowerFlow.q>-7.17</cim:SvPowerFlow.q>
  </cim:SvPowerFlow>
  <cim:SvPowerFlow rdf:ID="_7035d642-e262-11eb-a668-74e5f963e191">
    <cim:SvPowerFlow.Terminal rdf:resource="#_7035d641-e262-11eb-a668-74e5f963e191" />
    <cim:SvPowerFlow.p>-704.102</cim:SvPowerFlow.p>
    <cim:SvPowerFlow.q>-29.633</cim:SvPowerFlow.q>
  </cim:SvPowerFlow>
  <cim:SvPowerFlow rdf:ID="_7035d649-e262-11eb-a668-74e5f963e191">
    <cim:SvPowerFlow.Terminal rdf:resource="#_7035d648-e262-11eb-a668-74e5f963e191" />
    <cim:SvPowerFlow.p>-704.102</cim:SvPowerFlow.p>
    <cim:SvPowerFlow.q>-29.633</cim:SvPowerFlow.q>
  </cim:SvPowerFlow>
  <cim:SvPowerFlow rdf:ID="_7035d650-e262-11eb-a668-74e5f963e191">
    <cim:SvPowerFlow.Terminal rdf:resource="#_7035d64f-e262-11eb-a668-74e5f963e191" />
    <cim:SvPowerFlow.p>-704.102</cim:SvPowerFlow.p>
    <cim:SvPowerFlow.q>-29.633</cim:SvPowerFlow.q>
  </cim:SvPowerFlow>
  <cim:SvPowerFlow rdf:ID="_7035d657-e262-11eb-a668-74e5f963e191">
    <cim:SvPowerFlow.Terminal rdf:resource="#_7035d656-e262-11eb-a668-74e5f963e191" />
    <cim:SvPowerFlow.p>-704.102</cim:SvPowerFlow.p>
    <cim:SvPowerFlow.q>-29.633</cim:SvPowerFlow.q>
  </cim:SvPowerFlow>
  <cim:SvPowerFlow rdf:ID="_7035d65e-e262-11eb-a668-74e5f963e191">
    <cim:SvPowerFlow.Terminal rdf:resource="#_7035d65d-e262-11eb-a668-74e5f963e191" />
    <cim:SvPowerFlow.p>-704.102</cim:SvPowerFlow.p>
    <cim:SvPowerFlow.q>-29.633</cim:SvPowerFlow.q>
  </cim:SvPowerFlow>
  <cim:SvPowerFlow rdf:ID="_7035d665-e262-11eb-a668-74e5f963e191">
    <cim:SvPowerFlow.Terminal rdf:resource="#_7035d664-e262-11eb-a668-74e5f963e191" />
    <cim:SvPowerFlow.p>-704.102</cim:SvPowerFlow.p>
    <cim:SvPowerFlow.q>-29.633</cim:SvPowerFlow.q>
  </cim:SvPowerFlow>
  <cim:SvPowerFlow rdf:ID="_7035d66e-e262-11eb-a668-74e5f963e191">
    <cim:SvPowerFlow.Terminal rdf:resource="#_7035d66d-e262-11eb-a668-74e5f963e191" />
    <cim:SvPowerFlow.p>-698.949</cim:SvPowerFlow.p>
    <cim:SvPowerFlow.q>-269.075</cim:SvPowerFlow.q>
  </cim:SvPowerFlow>
  <cim:SvPowerFlow rdf:ID="_7035d674-e262-11eb-a668-74e5f963e191">
    <cim:SvPowerFlow.Terminal rdf:resource="#_7035d673-e262-11eb-a668-74e5f963e191" />
    <cim:SvPowerFlow.p>-698.949</cim:SvPowerFlow.p>
    <cim:SvPowerFlow.q>-269.075</cim:SvPowerFlow.q>
  </cim:SvPowerFlow>
  <cim:SvPowerFlow rdf:ID="_7035d67a-e262-11eb-a668-74e5f963e191">
    <cim:SvPowerFlow.Terminal rdf:resource="#_7035d679-e262-11eb-a668-74e5f963e191" />
    <cim:SvPowerFlow.p>-698.949</cim:SvPowerFlow.p>
    <cim:SvPowerFlow.q>-269.075</cim:SvPowerFlow.q>
  </cim:SvPowerFlow>
  <cim:SvPowerFlow rdf:ID="_7035d680-e262-11eb-a668-74e5f963e191">
    <cim:SvPowerFlow.Terminal rdf:resource="#_7035d67f-e262-11eb-a668-74e5f963e191" />
    <cim:SvPowerFlow.p>-698.949</cim:SvPowerFlow.p>
    <cim:SvPowerFlow.q>-269.075</cim:SvPowerFlow.q>
  </cim:SvPowerFlow>
  <cim:SvPowerFlow rdf:ID="_7035d686-e262-11eb-a668-74e5f963e191">
    <cim:SvPowerFlow.Terminal rdf:resource="#_7035d685-e262-11eb-a668-74e5f963e191" />
    <cim:SvPowerFlow.p>-698.949</cim:SvPowerFlow.p>
    <cim:SvPowerFlow.q>-269.075</cim:SvPowerFlow.q>
  </cim:SvPowerFlow>
  <cim:SvPowerFlow rdf:ID="_7035d68c-e262-11eb-a668-74e5f963e191">
    <cim:SvPowerFlow.Terminal rdf:resource="#_7035d68b-e262-11eb-a668-74e5f963e191" />
    <cim:SvPowerFlow.p>-698.949</cim:SvPowerFlow.p>
    <cim:SvPowerFlow.q>-269.075</cim:SvPowerFlow.q>
  </cim:SvPowerFlow>
  <cim:SvPowerFlow rdf:ID="_7035d694-e262-11eb-a668-74e5f963e191">
    <cim:SvPowerFlow.Terminal rdf:resource="#_7035d693-e262-11eb-a668-74e5f963e191" />
    <cim:SvPowerFlow.p>-351.755</cim:SvPowerFlow.p>
    <cim:SvPowerFlow.q>-435.537</cim:SvPowerFlow.q>
  </cim:SvPowerFlow>
  <cim:SvPowerFlow rdf:ID="_7035d69a-e262-11eb-a668-74e5f963e191">
    <cim:SvPowerFlow.Terminal rdf:resource="#_7035d699-e262-11eb-a668-74e5f963e191" />
    <cim:SvPowerFlow.p>-351.755</cim:SvPowerFlow.p>
    <cim:SvPowerFlow.q>-435.537</cim:SvPowerFlow.q>
  </cim:SvPowerFlow>
  <cim:SvPowerFlow rdf:ID="_7035d6a6-e262-11eb-a668-74e5f963e191">
    <cim:SvPowerFlow.Terminal rdf:resource="#_7035d6a5-e262-11eb-a668-74e5f963e191" />
    <cim:SvPowerFlow.p>-723.333</cim:SvPowerFlow.p>
    <cim:SvPowerFlow.q>-203.805</cim:SvPowerFlow.q>
  </cim:SvPowerFlow>
  <cim:SvPowerFlow rdf:ID="_7035d6ad-e262-11eb-a668-74e5f963e191">
    <cim:SvPowerFlow.Terminal rdf:resource="#_7035d6ac-e262-11eb-a668-74e5f963e191" />
    <cim:SvPowerFlow.p>-723.333</cim:SvPowerFlow.p>
    <cim:SvPowerFlow.q>-203.805</cim:SvPowerFlow.q>
  </cim:SvPowerFlow>
  <cim:SvPowerFlow rdf:ID="_7035d6b4-e262-11eb-a668-74e5f963e191">
    <cim:SvPowerFlow.Terminal rdf:resource="#_7035d6b3-e262-11eb-a668-74e5f963e191" />
    <cim:SvPowerFlow.p>-723.333</cim:SvPowerFlow.p>
    <cim:SvPowerFlow.q>-203.805</cim:SvPowerFlow.q>
  </cim:SvPowerFlow>
  <cim:SvPowerFlow rdf:ID="_7035d6bb-e262-11eb-a668-74e5f963e191">
    <cim:SvPowerFlow.Terminal rdf:resource="#_7035d6ba-e262-11eb-a668-74e5f963e191" />
    <cim:SvPowerFlow.p>-723.333</cim:SvPowerFlow.p>
    <cim:SvPowerFlow.q>-203.805</cim:SvPowerFlow.q>
  </cim:SvPowerFlow>
  <cim:SvPowerFlow rdf:ID="_7035d6c2-e262-11eb-a668-74e5f963e191">
    <cim:SvPowerFlow.Terminal rdf:resource="#_7035d6c1-e262-11eb-a668-74e5f963e191" />
    <cim:SvPowerFlow.p>-723.333</cim:SvPowerFlow.p>
    <cim:SvPowerFlow.q>-203.805</cim:SvPowerFlow.q>
  </cim:SvPowerFlow>
  <cim:SvPowerFlow rdf:ID="_7035d6c9-e262-11eb-a668-74e5f963e191">
    <cim:SvPowerFlow.Terminal rdf:resource="#_7035d6c8-e262-11eb-a668-74e5f963e191" />
    <cim:SvPowerFlow.p>-723.333</cim:SvPowerFlow.p>
    <cim:SvPowerFlow.q>-203.805</cim:SvPowerFlow.q>
  </cim:SvPowerFlow>
  <cim:SvPowerFlow rdf:ID="_7035d6d2-e262-11eb-a668-74e5f963e191">
    <cim:SvPowerFlow.Terminal rdf:resource="#_7035d6d1-e262-11eb-a668-74e5f963e191" />
    <cim:SvPowerFlow.p>-333.242</cim:SvPowerFlow.p>
    <cim:SvPowerFlow.q>-227.241</cim:SvPowerFlow.q>
  </cim:SvPowerFlow>
  <cim:SvPowerFlow rdf:ID="_7035d6d8-e262-11eb-a668-74e5f963e191">
    <cim:SvPowerFlow.Terminal rdf:resource="#_7035d6d7-e262-11eb-a668-74e5f963e191" />
    <cim:SvPowerFlow.p>-333.242</cim:SvPowerFlow.p>
    <cim:SvPowerFlow.q>-227.241</cim:SvPowerFlow.q>
  </cim:SvPowerFlow>
  <cim:SvPowerFlow rdf:ID="_7035d6e4-e262-11eb-a668-74e5f963e191">
    <cim:SvPowerFlow.Terminal rdf:resource="#_7035d6e3-e262-11eb-a668-74e5f963e191" />
    <cim:SvPowerFlow.p>-259.503</cim:SvPowerFlow.p>
    <cim:SvPowerFlow.q>49.584</cim:SvPowerFlow.q>
  </cim:SvPowerFlow>
  <cim:SvPowerFlow rdf:ID="_7035d6eb-e262-11eb-a668-74e5f963e191">
    <cim:SvPowerFlow.Terminal rdf:resource="#_7035d6ea-e262-11eb-a668-74e5f963e191" />
    <cim:SvPowerFlow.p>-259.503</cim:SvPowerFlow.p>
    <cim:SvPowerFlow.q>49.584</cim:SvPowerFlow.q>
  </cim:SvPowerFlow>
  <cim:SvPowerFlow rdf:ID="_7035d6f8-e262-11eb-a668-74e5f963e191">
    <cim:SvPowerFlow.Terminal rdf:resource="#_7035d6f7-e262-11eb-a668-74e5f963e191" />
    <cim:SvPowerFlow.p>-236.38</cim:SvPowerFlow.p>
    <cim:SvPowerFlow.q>-296.033</cim:SvPowerFlow.q>
  </cim:SvPowerFlow>
  <cim:SvPowerFlow rdf:ID="_7035d6ff-e262-11eb-a668-74e5f963e191">
    <cim:SvPowerFlow.Terminal rdf:resource="#_7035d6fe-e262-11eb-a668-74e5f963e191" />
    <cim:SvPowerFlow.p>-236.38</cim:SvPowerFlow.p>
    <cim:SvPowerFlow.q>-296.033</cim:SvPowerFlow.q>
  </cim:SvPowerFlow>
  <cim:SvPowerFlow rdf:ID="_7035d706-e262-11eb-a668-74e5f963e191">
    <cim:SvPowerFlow.Terminal rdf:resource="#_7035d705-e262-11eb-a668-74e5f963e191" />
    <cim:SvPowerFlow.p>-236.38</cim:SvPowerFlow.p>
    <cim:SvPowerFlow.q>-296.033</cim:SvPowerFlow.q>
  </cim:SvPowerFlow>
  <cim:SvPowerFlow rdf:ID="_7035d70d-e262-11eb-a668-74e5f963e191">
    <cim:SvPowerFlow.Terminal rdf:resource="#_7035d70c-e262-11eb-a668-74e5f963e191" />
    <cim:SvPowerFlow.p>-236.38</cim:SvPowerFlow.p>
    <cim:SvPowerFlow.q>-296.033</cim:SvPowerFlow.q>
  </cim:SvPowerFlow>
  <cim:SvPowerFlow rdf:ID="_7035d716-e262-11eb-a668-74e5f963e191">
    <cim:SvPowerFlow.Terminal rdf:resource="#_7035d715-e262-11eb-a668-74e5f963e191" />
    <cim:SvPowerFlow.p>-429.844</cim:SvPowerFlow.p>
    <cim:SvPowerFlow.q>-15.552</cim:SvPowerFlow.q>
  </cim:SvPowerFlow>
  <cim:SvPowerFlow rdf:ID="_7035d71c-e262-11eb-a668-74e5f963e191">
    <cim:SvPowerFlow.Terminal rdf:resource="#_7035d71b-e262-11eb-a668-74e5f963e191" />
    <cim:SvPowerFlow.p>-429.844</cim:SvPowerFlow.p>
    <cim:SvPowerFlow.q>-15.552</cim:SvPowerFlow.q>
  </cim:SvPowerFlow>
  <cim:SvPowerFlow rdf:ID="_7035d722-e262-11eb-a668-74e5f963e191">
    <cim:SvPowerFlow.Terminal rdf:resource="#_7035d721-e262-11eb-a668-74e5f963e191" />
    <cim:SvPowerFlow.p>-429.844</cim:SvPowerFlow.p>
    <cim:SvPowerFlow.q>-15.552</cim:SvPowerFlow.q>
  </cim:SvPowerFlow>
  <cim:SvPowerFlow rdf:ID="_7035d728-e262-11eb-a668-74e5f963e191">
    <cim:SvPowerFlow.Terminal rdf:resource="#_7035d727-e262-11eb-a668-74e5f963e191" />
    <cim:SvPowerFlow.p>-429.844</cim:SvPowerFlow.p>
    <cim:SvPowerFlow.q>-15.552</cim:SvPowerFlow.q>
  </cim:SvPowerFlow>
  <cim:SvPowerFlow rdf:ID="_7035d730-e262-11eb-a668-74e5f963e191">
    <cim:SvPowerFlow.Terminal rdf:resource="#_7035d72f-e262-11eb-a668-74e5f963e191" />
    <cim:SvPowerFlow.p>-628.821</cim:SvPowerFlow.p>
    <cim:SvPowerFlow.q>-132.332</cim:SvPowerFlow.q>
  </cim:SvPowerFlow>
  <cim:SvPowerFlow rdf:ID="_7035d736-e262-11eb-a668-74e5f963e191">
    <cim:SvPowerFlow.Terminal rdf:resource="#_7035d735-e262-11eb-a668-74e5f963e191" />
    <cim:SvPowerFlow.p>-628.821</cim:SvPowerFlow.p>
    <cim:SvPowerFlow.q>-132.332</cim:SvPowerFlow.q>
  </cim:SvPowerFlow>
  <cim:SvPowerFlow rdf:ID="_7035d73c-e262-11eb-a668-74e5f963e191">
    <cim:SvPowerFlow.Terminal rdf:resource="#_7035d73b-e262-11eb-a668-74e5f963e191" />
    <cim:SvPowerFlow.p>-628.821</cim:SvPowerFlow.p>
    <cim:SvPowerFlow.q>-132.332</cim:SvPowerFlow.q>
  </cim:SvPowerFlow>
  <cim:SvPowerFlow rdf:ID="_7035d742-e262-11eb-a668-74e5f963e191">
    <cim:SvPowerFlow.Terminal rdf:resource="#_7035d741-e262-11eb-a668-74e5f963e191" />
    <cim:SvPowerFlow.p>-628.821</cim:SvPowerFlow.p>
    <cim:SvPowerFlow.q>-132.332</cim:SvPowerFlow.q>
  </cim:SvPowerFlow>
  <cim:SvPowerFlow rdf:ID="_7035d748-e262-11eb-a668-74e5f963e191">
    <cim:SvPowerFlow.Terminal rdf:resource="#_7035d747-e262-11eb-a668-74e5f963e191" />
    <cim:SvPowerFlow.p>-628.821</cim:SvPowerFlow.p>
    <cim:SvPowerFlow.q>-132.332</cim:SvPowerFlow.q>
  </cim:SvPowerFlow>
  <cim:SvPowerFlow rdf:ID="_7035d754-e262-11eb-a668-74e5f963e191">
    <cim:SvPowerFlow.Terminal rdf:resource="#_7035d753-e262-11eb-a668-74e5f963e191" />
    <cim:SvPowerFlow.p>-201.25</cim:SvPowerFlow.p>
    <cim:SvPowerFlow.q>-248.711</cim:SvPowerFlow.q>
  </cim:SvPowerFlow>
  <cim:SvPowerFlow rdf:ID="_7035d75b-e262-11eb-a668-74e5f963e191">
    <cim:SvPowerFlow.Terminal rdf:resource="#_7035d75a-e262-11eb-a668-74e5f963e191" />
    <cim:SvPowerFlow.p>-201.25</cim:SvPowerFlow.p>
    <cim:SvPowerFlow.q>-248.711</cim:SvPowerFlow.q>
  </cim:SvPowerFlow>
  <cim:SvPowerFlow rdf:ID="_7035d762-e262-11eb-a668-74e5f963e191">
    <cim:SvPowerFlow.Terminal rdf:resource="#_7035d761-e262-11eb-a668-74e5f963e191" />
    <cim:SvPowerFlow.p>-201.25</cim:SvPowerFlow.p>
    <cim:SvPowerFlow.q>-248.711</cim:SvPowerFlow.q>
  </cim:SvPowerFlow>
  <cim:SvPowerFlow rdf:ID="_7035d769-e262-11eb-a668-74e5f963e191">
    <cim:SvPowerFlow.Terminal rdf:resource="#_7035d768-e262-11eb-a668-74e5f963e191" />
    <cim:SvPowerFlow.p>-201.25</cim:SvPowerFlow.p>
    <cim:SvPowerFlow.q>-248.711</cim:SvPowerFlow.q>
  </cim:SvPowerFlow>
  <cim:SvPowerFlow rdf:ID="_7035d776-e262-11eb-a668-74e5f963e191">
    <cim:SvPowerFlow.Terminal rdf:resource="#_7035d775-e262-11eb-a668-74e5f963e191" />
    <cim:SvPowerFlow.p>-520.25</cim:SvPowerFlow.p>
    <cim:SvPowerFlow.q>-173.342</cim:SvPowerFlow.q>
  </cim:SvPowerFlow>
  <cim:SvPowerFlow rdf:ID="_7035d77d-e262-11eb-a668-74e5f963e191">
    <cim:SvPowerFlow.Terminal rdf:resource="#_7035d77c-e262-11eb-a668-74e5f963e191" />
    <cim:SvPowerFlow.p>-520.25</cim:SvPowerFlow.p>
    <cim:SvPowerFlow.q>-173.342</cim:SvPowerFlow.q>
  </cim:SvPowerFlow>
  <cim:SvPowerFlow rdf:ID="_7035d784-e262-11eb-a668-74e5f963e191">
    <cim:SvPowerFlow.Terminal rdf:resource="#_7035d783-e262-11eb-a668-74e5f963e191" />
    <cim:SvPowerFlow.p>-520.25</cim:SvPowerFlow.p>
    <cim:SvPowerFlow.q>-173.342</cim:SvPowerFlow.q>
  </cim:SvPowerFlow>
  <cim:SvPowerFlow rdf:ID="_7035d78b-e262-11eb-a668-74e5f963e191">
    <cim:SvPowerFlow.Terminal rdf:resource="#_7035d78a-e262-11eb-a668-74e5f963e191" />
    <cim:SvPowerFlow.p>-520.25</cim:SvPowerFlow.p>
    <cim:SvPowerFlow.q>-173.342</cim:SvPowerFlow.q>
  </cim:SvPowerFlow>
  <cim:SvPowerFlow rdf:ID="_7035d798-e262-11eb-a668-74e5f963e191">
    <cim:SvPowerFlow.Terminal rdf:resource="#_7035d797-e262-11eb-a668-74e5f963e191" />
    <cim:SvPowerFlow.p>-707.429</cim:SvPowerFlow.p>
    <cim:SvPowerFlow.q>-51.637</cim:SvPowerFlow.q>
  </cim:SvPowerFlow>
  <cim:SvPowerFlow rdf:ID="_7035d79f-e262-11eb-a668-74e5f963e191">
    <cim:SvPowerFlow.Terminal rdf:resource="#_7035d79e-e262-11eb-a668-74e5f963e191" />
    <cim:SvPowerFlow.p>-707.429</cim:SvPowerFlow.p>
    <cim:SvPowerFlow.q>-51.637</cim:SvPowerFlow.q>
  </cim:SvPowerFlow>
  <cim:SvPowerFlow rdf:ID="_7035d7a6-e262-11eb-a668-74e5f963e191">
    <cim:SvPowerFlow.Terminal rdf:resource="#_7035d7a5-e262-11eb-a668-74e5f963e191" />
    <cim:SvPowerFlow.p>-707.429</cim:SvPowerFlow.p>
    <cim:SvPowerFlow.q>-51.637</cim:SvPowerFlow.q>
  </cim:SvPowerFlow>
  <cim:SvPowerFlow rdf:ID="_7035d7ad-e262-11eb-a668-74e5f963e191">
    <cim:SvPowerFlow.Terminal rdf:resource="#_7035d7ac-e262-11eb-a668-74e5f963e191" />
    <cim:SvPowerFlow.p>-707.429</cim:SvPowerFlow.p>
    <cim:SvPowerFlow.q>-51.637</cim:SvPowerFlow.q>
  </cim:SvPowerFlow>
  <cim:SvPowerFlow rdf:ID="_7035d7b4-e262-11eb-a668-74e5f963e191">
    <cim:SvPowerFlow.Terminal rdf:resource="#_7035d7b3-e262-11eb-a668-74e5f963e191" />
    <cim:SvPowerFlow.p>-707.429</cim:SvPowerFlow.p>
    <cim:SvPowerFlow.q>-51.637</cim:SvPowerFlow.q>
  </cim:SvPowerFlow>
  <cim:SvPowerFlow rdf:ID="_7035d7bb-e262-11eb-a668-74e5f963e191">
    <cim:SvPowerFlow.Terminal rdf:resource="#_7035d7ba-e262-11eb-a668-74e5f963e191" />
    <cim:SvPowerFlow.p>-707.429</cim:SvPowerFlow.p>
    <cim:SvPowerFlow.q>-51.637</cim:SvPowerFlow.q>
  </cim:SvPowerFlow>
  <cim:SvPowerFlow rdf:ID="_7035d7c2-e262-11eb-a668-74e5f963e191">
    <cim:SvPowerFlow.Terminal rdf:resource="#_7035d7c1-e262-11eb-a668-74e5f963e191" />
    <cim:SvPowerFlow.p>-707.429</cim:SvPowerFlow.p>
    <cim:SvPowerFlow.q>-51.637</cim:SvPowerFlow.q>
  </cim:SvPowerFlow>
  <cim:SvPowerFlow rdf:ID="_7035d7c9-e262-11eb-a668-74e5f963e191">
    <cim:SvPowerFlow.Terminal rdf:resource="#_7035d7c8-e262-11eb-a668-74e5f963e191" />
    <cim:SvPowerFlow.p>-707.429</cim:SvPowerFlow.p>
    <cim:SvPowerFlow.q>-51.637</cim:SvPowerFlow.q>
  </cim:SvPowerFlow>
  <cim:SvPowerFlow rdf:ID="_7035d7d0-e262-11eb-a668-74e5f963e191">
    <cim:SvPowerFlow.Terminal rdf:resource="#_7035d7cf-e262-11eb-a668-74e5f963e191" />
    <cim:SvPowerFlow.p>-707.429</cim:SvPowerFlow.p>
    <cim:SvPowerFlow.q>-51.637</cim:SvPowerFlow.q>
  </cim:SvPowerFlow>
  <cim:SvPowerFlow rdf:ID="_7035d7d9-e262-11eb-a668-74e5f963e191">
    <cim:SvPowerFlow.Terminal rdf:resource="#_7035d7d8-e262-11eb-a668-74e5f963e191" />
    <cim:SvPowerFlow.p>-450.047</cim:SvPowerFlow.p>
    <cim:SvPowerFlow.q>-578.697</cim:SvPowerFlow.q>
  </cim:SvPowerFlow>
  <cim:SvPowerFlow rdf:ID="_7035d7df-e262-11eb-a668-74e5f963e191">
    <cim:SvPowerFlow.Terminal rdf:resource="#_7035d7de-e262-11eb-a668-74e5f963e191" />
    <cim:SvPowerFlow.p>-450.047</cim:SvPowerFlow.p>
    <cim:SvPowerFlow.q>-578.697</cim:SvPowerFlow.q>
  </cim:SvPowerFlow>
  <cim:SvPowerFlow rdf:ID="_7035d7e5-e262-11eb-a668-74e5f963e191">
    <cim:SvPowerFlow.Terminal rdf:resource="#_7035d7e4-e262-11eb-a668-74e5f963e191" />
    <cim:SvPowerFlow.p>-450.047</cim:SvPowerFlow.p>
    <cim:SvPowerFlow.q>-578.697</cim:SvPowerFlow.q>
  </cim:SvPowerFlow>
  <cim:SvPowerFlow rdf:ID="_7035d7f1-e262-11eb-a668-74e5f963e191">
    <cim:SvPowerFlow.Terminal rdf:resource="#_7035d7f0-e262-11eb-a668-74e5f963e191" />
    <cim:SvPowerFlow.p>-169.333</cim:SvPowerFlow.p>
    <cim:SvPowerFlow.q>-157.431</cim:SvPowerFlow.q>
  </cim:SvPowerFlow>
  <cim:SvPowerFlow rdf:ID="_7035d7f8-e262-11eb-a668-74e5f963e191">
    <cim:SvPowerFlow.Terminal rdf:resource="#_7035d7f7-e262-11eb-a668-74e5f963e191" />
    <cim:SvPowerFlow.p>-169.333</cim:SvPowerFlow.p>
    <cim:SvPowerFlow.q>-157.431</cim:SvPowerFlow.q>
  </cim:SvPowerFlow>
  <cim:SvPowerFlow rdf:ID="_7035d7ff-e262-11eb-a668-74e5f963e191">
    <cim:SvPowerFlow.Terminal rdf:resource="#_7035d7fe-e262-11eb-a668-74e5f963e191" />
    <cim:SvPowerFlow.p>-169.333</cim:SvPowerFlow.p>
    <cim:SvPowerFlow.q>-157.431</cim:SvPowerFlow.q>
  </cim:SvPowerFlow>
  <cim:SvPowerFlow rdf:ID="_7035d806-e262-11eb-a668-74e5f963e191">
    <cim:SvPowerFlow.Terminal rdf:resource="#_7035d805-e262-11eb-a668-74e5f963e191" />
    <cim:SvPowerFlow.p>-169.333</cim:SvPowerFlow.p>
    <cim:SvPowerFlow.q>-157.431</cim:SvPowerFlow.q>
  </cim:SvPowerFlow>
  <cim:SvPowerFlow rdf:ID="_7035d80d-e262-11eb-a668-74e5f963e191">
    <cim:SvPowerFlow.Terminal rdf:resource="#_7035d80c-e262-11eb-a668-74e5f963e191" />
    <cim:SvPowerFlow.p>-169.333</cim:SvPowerFlow.p>
    <cim:SvPowerFlow.q>-157.431</cim:SvPowerFlow.q>
  </cim:SvPowerFlow>
  <cim:SvPowerFlow rdf:ID="_7035d814-e262-11eb-a668-74e5f963e191">
    <cim:SvPowerFlow.Terminal rdf:resource="#_7035d813-e262-11eb-a668-74e5f963e191" />
    <cim:SvPowerFlow.p>-169.333</cim:SvPowerFlow.p>
    <cim:SvPowerFlow.q>-157.431</cim:SvPowerFlow.q>
  </cim:SvPowerFlow>
  <cim:SvPowerFlow rdf:ID="_7035d9b1-e262-11eb-a668-74e5f963e191">
    <cim:SvPowerFlow.Terminal rdf:resource="#_7035d9af-e262-11eb-a668-74e5f963e191" />
    <cim:SvPowerFlow.p>21.9397563934</cim:SvPowerFlow.p>
    <cim:SvPowerFlow.q>958.6594238281</cim:SvPowerFlow.q>
  </cim:SvPowerFlow>
  <cim:SvPowerFlow rdf:ID="_7035d9b5-e262-11eb-a668-74e5f963e191">
    <cim:SvPowerFlow.Terminal rdf:resource="#_7035d9b3-e262-11eb-a668-74e5f963e191" />
    <cim:SvPowerFlow.p>-21.9800930023</cim:SvPowerFlow.p>
    <cim:SvPowerFlow.q>-991.5462646484</cim:SvPowerFlow.q>
  </cim:SvPowerFlow>
  <cim:SvPowerFlow rdf:ID="_7035d9dd-e262-11eb-a668-74e5f963e191">
    <cim:SvPowerFlow.Terminal rdf:resource="#_7035d9db-e262-11eb-a668-74e5f963e191" />
    <cim:SvPowerFlow.p>0.1979157627</cim:SvPowerFlow.p>
    <cim:SvPowerFlow.q>-0.0989578813</cim:SvPowerFlow.q>
  </cim:SvPowerFlow>
  <cim:SvPowerFlow rdf:ID="_7035d9e1-e262-11eb-a668-74e5f963e191">
    <cim:SvPowerFlow.Terminal rdf:resource="#_7035d9df-e262-11eb-a668-74e5f963e191" />
    <cim:SvPowerFlow.p>0.2006428242</cim:SvPowerFlow.p>
    <cim:SvPowerFlow.q>0.1003214121</cim:SvPowerFlow.q>
  </cim:SvPowerFlow>
  <cim:SvPowerFlow rdf:ID="_7035da81-e262-11eb-a668-74e5f963e191">
    <cim:SvPowerFlow.Terminal rdf:resource="#_7035da7f-e262-11eb-a668-74e5f963e191" />
    <cim:SvPowerFlow.p>-0.2037880868</cim:SvPowerFlow.p>
    <cim:SvPowerFlow.q>0.5094702244</cim:SvPowerFlow.q>
  </cim:SvPowerFlow>
  <cim:SvPowerFlow rdf:ID="_7035da85-e262-11eb-a668-74e5f963e191">
    <cim:SvPowerFlow.Terminal rdf:resource="#_7035da83-e262-11eb-a668-74e5f963e191" />
    <cim:SvPowerFlow.p>0.2006428242</cim:SvPowerFlow.p>
    <cim:SvPowerFlow.q>-0.5016070604</cim:SvPowerFlow.q>
  </cim:SvPowerFlow>
  <cim:SvPowerFlow rdf:ID="_7035daa1-e262-11eb-a668-74e5f963e191">
    <cim:SvPowerFlow.Terminal rdf:resource="#_7035da9f-e262-11eb-a668-74e5f963e191" />
    <cim:SvPowerFlow.p>0.3024017811</cim:SvPowerFlow.p>
    <cim:SvPowerFlow.q>-1.3104168177</cim:SvPowerFlow.q>
  </cim:SvPowerFlow>
  <cim:SvPowerFlow rdf:ID="_7035daa5-e262-11eb-a668-74e5f963e191">
    <cim:SvPowerFlow.Terminal rdf:resource="#_7035daa3-e262-11eb-a668-74e5f963e191" />
    <cim:SvPowerFlow.p>-0.3216499984</cim:SvPowerFlow.p>
    <cim:SvPowerFlow.q>1.3938263655</cim:SvPowerFlow.q>
  </cim:SvPowerFlow>
  <cim:SvShuntCompensatorSections rdf:ID="_7035d9b0-e262-11eb-a668-74e5f963e191">
    <cim:SvShuntCompensatorSections.ShuntCompensator rdf:resource="#_7035d9ae-e262-11eb-a668-74e5f963e191" />
    <cim:SvShuntCompensatorSections.sections>1</cim:SvShuntCompensatorSections.sections>
  </cim:SvShuntCompensatorSections>
  <cim:SvShuntCompensatorSections rdf:ID="_7035d9b4-e262-11eb-a668-74e5f963e191">
    <cim:SvShuntCompensatorSections.ShuntCompensator rdf:resource="#_7035d9b2-e262-11eb-a668-74e5f963e191" />
    <cim:SvShuntCompensatorSections.sections>1</cim:SvShuntCompensatorSections.sections>
  </cim:SvShuntCompensatorSections>
  <cim:SvShuntCompensatorSections rdf:ID="_7035d9dc-e262-11eb-a668-74e5f963e191">
    <cim:SvShuntCompensatorSections.ShuntCompensator rdf:resource="#_7035d9da-e262-11eb-a668-74e5f963e191" />
    <cim:SvShuntCompensatorSections.sections>1</cim:SvShuntCompensatorSections.sections>
  </cim:SvShuntCompensatorSections>
  <cim:SvShuntCompensatorSections rdf:ID="_7035d9e0-e262-11eb-a668-74e5f963e191">
    <cim:SvShuntCompensatorSections.ShuntCompensator rdf:resource="#_7035d9de-e262-11eb-a668-74e5f963e191" />
    <cim:SvShuntCompensatorSections.sections>1</cim:SvShuntCompensatorSections.sections>
  </cim:SvShuntCompensatorSections>
  <cim:SvShuntCompensatorSections rdf:ID="_7035da80-e262-11eb-a668-74e5f963e191">
    <cim:SvShuntCompensatorSections.ShuntCompensator rdf:resource="#_7035da7e-e262-11eb-a668-74e5f963e191" />
    <cim:SvShuntCompensatorSections.sections>1</cim:SvShuntCompensatorSections.sections>
  </cim:SvShuntCompensatorSections>
  <cim:SvShuntCompensatorSections rdf:ID="_7035da84-e262-11eb-a668-74e5f963e191">
    <cim:SvShuntCompensatorSections.ShuntCompensator rdf:resource="#_7035da82-e262-11eb-a668-74e5f963e191" />
    <cim:SvShuntCompensatorSections.sections>1</cim:SvShuntCompensatorSections.sections>
  </cim:SvShuntCompensatorSections>
  <cim:SvShuntCompensatorSections rdf:ID="_7035daa0-e262-11eb-a668-74e5f963e191">
    <cim:SvShuntCompensatorSections.ShuntCompensator rdf:resource="#_7035da9e-e262-11eb-a668-74e5f963e191" />
    <cim:SvShuntCompensatorSections.sections>1</cim:SvShuntCompensatorSections.sections>
  </cim:SvShuntCompensatorSections>
  <cim:SvShuntCompensatorSections rdf:ID="_7035daa4-e262-11eb-a668-74e5f963e191">
    <cim:SvShuntCompensatorSections.ShuntCompensator rdf:resource="#_7035daa2-e262-11eb-a668-74e5f963e191" />
    <cim:SvShuntCompensatorSections.sections>1</cim:SvShuntCompensatorSections.sections>
  </cim:SvShuntCompensatorSections>
  <cim:SvTapStep rdf:ID="_7035db65-e262-11eb-a668-74e5f963e191">
    <cim:SvTapStep.TapChanger rdf:resource="#_7035db64-e262-11eb-a668-74e5f963e191" />
    <cim:SvTapStep.position>17</cim:SvTapStep.position>
  </cim:SvTapStep>
  <cim:SvTapStep rdf:ID="_7035db77-e262-11eb-a668-74e5f963e191">
    <cim:SvTapStep.TapChanger rdf:resource="#_7035db76-e262-11eb-a668-74e5f963e191" />
    <cim:SvTapStep.position>17</cim:SvTapStep.position>
  </cim:SvTapStep>
  <cim:SvTapStep rdf:ID="_7035db89-e262-11eb-a668-74e5f963e191">
    <cim:SvTapStep.TapChanger rdf:resource="#_7035db88-e262-11eb-a668-74e5f963e191" />
    <cim:SvTapStep.position>17</cim:SvTapStep.position>
  </cim:SvTapStep>
  <cim:SvTapStep rdf:ID="_7035db9b-e262-11eb-a668-74e5f963e191">
    <cim:SvTapStep.TapChanger rdf:resource="#_7035db9a-e262-11eb-a668-74e5f963e191" />
    <cim:SvTapStep.position>18</cim:SvTapStep.position>
  </cim:SvTapStep>
  <cim:SvTapStep rdf:ID="_7035dbad-e262-11eb-a668-74e5f963e191">
    <cim:SvTapStep.TapChanger rdf:resource="#_7035dbac-e262-11eb-a668-74e5f963e191" />
    <cim:SvTapStep.position>17</cim:SvTapStep.position>
  </cim:SvTapStep>
  <cim:SvTapStep rdf:ID="_7035dbbf-e262-11eb-a668-74e5f963e191">
    <cim:SvTapStep.TapChanger rdf:resource="#_7035dbbe-e262-11eb-a668-74e5f963e191" />
    <cim:SvTapStep.position>17</cim:SvTapStep.position>
  </cim:SvTapStep>
  <cim:SvTapStep rdf:ID="_7035dbd1-e262-11eb-a668-74e5f963e191">
    <cim:SvTapStep.TapChanger rdf:resource="#_7035dbd0-e262-11eb-a668-74e5f963e191" />
    <cim:SvTapStep.position>17</cim:SvTapStep.position>
  </cim:SvTapStep>
  <cim:SvTapStep rdf:ID="_7035dbe3-e262-11eb-a668-74e5f963e191">
    <cim:SvTapStep.TapChanger rdf:resource="#_7035dbe2-e262-11eb-a668-74e5f963e191" />
    <cim:SvTapStep.position>18</cim:SvTapStep.position>
  </cim:SvTapStep>
  <cim:SvTapStep rdf:ID="_7035dbf5-e262-11eb-a668-74e5f963e191">
    <cim:SvTapStep.TapChanger rdf:resource="#_7035dbf4-e262-11eb-a668-74e5f963e191" />
    <cim:SvTapStep.position>17</cim:SvTapStep.position>
  </cim:SvTapStep>
  <cim:SvTapStep rdf:ID="_7035dc07-e262-11eb-a668-74e5f963e191">
    <cim:SvTapStep.TapChanger rdf:resource="#_7035dc06-e262-11eb-a668-74e5f963e191" />
    <cim:SvTapStep.position>17</cim:SvTapStep.position>
  </cim:SvTapStep>
  <cim:SvTapStep rdf:ID="_7035dc19-e262-11eb-a668-74e5f963e191">
    <cim:SvTapStep.TapChanger rdf:resource="#_7035dc18-e262-11eb-a668-74e5f963e191" />
    <cim:SvTapStep.position>17</cim:SvTapStep.position>
  </cim:SvTapStep>
  <cim:SvTapStep rdf:ID="_7035dc2b-e262-11eb-a668-74e5f963e191">
    <cim:SvTapStep.TapChanger rdf:resource="#_7035dc2a-e262-11eb-a668-74e5f963e191" />
    <cim:SvTapStep.position>18</cim:SvTapStep.position>
  </cim:SvTapStep>
  <cim:SvVoltage rdf:ID="_7035d1d4-e262-11eb-a668-74e5f963e191">
    <cim:SvVoltage.TopologicalNode rdf:resource="#_7035d1c9-e262-11eb-a668-74e5f963e191" />
    <cim:SvVoltage.angle>-2.8801</cim:SvVoltage.angle>
    <cim:SvVoltage.v>420</cim:SvVoltage.v>
  </cim:SvVoltage>
  <cim:SvVoltage rdf:ID="_7035d1ea-e262-11eb-a668-74e5f963e191">
    <cim:SvVoltage.TopologicalNode rdf:resource="#_7035d1e6-e262-11eb-a668-74e5f963e191" />
    <cim:SvVoltage.angle>-3.582</cim:SvVoltage.angle>
    <cim:SvVoltage.v>418.278</cim:SvVoltage.v>
  </cim:SvVoltage>
  <cim:SvVoltage rdf:ID="_7035d1f9-e262-11eb-a668-74e5f963e191">
    <cim:SvVoltage.TopologicalNode rdf:resource="#_7035d1f5-e262-11eb-a668-74e5f963e191" />
    <cim:SvVoltage.angle>2.5052</cim:SvVoltage.angle>
    <cim:SvVoltage.v>435.9432</cim:SvVoltage.v>
  </cim:SvVoltage>
  <cim:SvVoltage rdf:ID="_7035d208-e262-11eb-a668-74e5f963e191">
    <cim:SvVoltage.TopologicalNode rdf:resource="#_7035d204-e262-11eb-a668-74e5f963e191" />
    <cim:SvVoltage.angle>6.571</cim:SvVoltage.angle>
    <cim:SvVoltage.v>420</cim:SvVoltage.v>
  </cim:SvVoltage>
  <cim:SvVoltage rdf:ID="_7035d217-e262-11eb-a668-74e5f963e191">
    <cim:SvVoltage.TopologicalNode rdf:resource="#_7035d213-e262-11eb-a668-74e5f963e191" />
    <cim:SvVoltage.angle>0.104</cim:SvVoltage.angle>
    <cim:SvVoltage.v>433.5366</cim:SvVoltage.v>
  </cim:SvVoltage>
  <cim:SvVoltage rdf:ID="_7035d227-e262-11eb-a668-74e5f963e191">
    <cim:SvVoltage.TopologicalNode rdf:resource="#_7035d222-e262-11eb-a668-74e5f963e191" />
    <cim:SvVoltage.angle>-5.2598</cim:SvVoltage.angle>
    <cim:SvVoltage.v>298.722</cim:SvVoltage.v>
  </cim:SvVoltage>
  <cim:SvVoltage rdf:ID="_7035d236-e262-11eb-a668-74e5f963e191">
    <cim:SvVoltage.TopologicalNode rdf:resource="#_7035d232-e262-11eb-a668-74e5f963e191" />
    <cim:SvVoltage.angle>-4.2395</cim:SvVoltage.angle>
    <cim:SvVoltage.v>420</cim:SvVoltage.v>
  </cim:SvVoltage>
  <cim:SvVoltage rdf:ID="_7035d245-e262-11eb-a668-74e5f963e191">
    <cim:SvVoltage.TopologicalNode rdf:resource="#_7035d241-e262-11eb-a668-74e5f963e191" />
    <cim:SvVoltage.angle>11.1366</cim:SvVoltage.angle>
    <cim:SvVoltage.v>420</cim:SvVoltage.v>
  </cim:SvVoltage>
  <cim:SvVoltage rdf:ID="_7035d254-e262-11eb-a668-74e5f963e191">
    <cim:SvVoltage.TopologicalNode rdf:resource="#_7035d250-e262-11eb-a668-74e5f963e191" />
    <cim:SvVoltage.angle>0</cim:SvVoltage.angle>
    <cim:SvVoltage.v>420</cim:SvVoltage.v>
  </cim:SvVoltage>
  <cim:SvVoltage rdf:ID="_7035d263-e262-11eb-a668-74e5f963e191">
    <cim:SvVoltage.TopologicalNode rdf:resource="#_7035d25f-e262-11eb-a668-74e5f963e191" />
    <cim:SvVoltage.angle>-0.7323</cim:SvVoltage.angle>
    <cim:SvVoltage.v>420</cim:SvVoltage.v>
  </cim:SvVoltage>
  <cim:SvVoltage rdf:ID="_7035d273-e262-11eb-a668-74e5f963e191">
    <cim:SvVoltage.TopologicalNode rdf:resource="#_7035d26e-e262-11eb-a668-74e5f963e191" />
    <cim:SvVoltage.angle>-0.6483</cim:SvVoltage.angle>
    <cim:SvVoltage.v>135.1512</cim:SvVoltage.v>
  </cim:SvVoltage>
  <cim:SvVoltage rdf:ID="_7035d282-e262-11eb-a668-74e5f963e191">
    <cim:SvVoltage.TopologicalNode rdf:resource="#_7035d27e-e262-11eb-a668-74e5f963e191" />
    <cim:SvVoltage.angle>8.4488</cim:SvVoltage.angle>
    <cim:SvVoltage.v>302.652</cim:SvVoltage.v>
  </cim:SvVoltage>
  <cim:SvVoltage rdf:ID="_7035d291-e262-11eb-a668-74e5f963e191">
    <cim:SvVoltage.TopologicalNode rdf:resource="#_7035d28d-e262-11eb-a668-74e5f963e191" />
    <cim:SvVoltage.angle>11.5126</cim:SvVoltage.angle>
    <cim:SvVoltage.v>300</cim:SvVoltage.v>
  </cim:SvVoltage>
  <cim:SvVoltage rdf:ID="_7035d2a0-e262-11eb-a668-74e5f963e191">
    <cim:SvVoltage.TopologicalNode rdf:resource="#_7035d29c-e262-11eb-a668-74e5f963e191" />
    <cim:SvVoltage.angle>11.946</cim:SvVoltage.angle>
    <cim:SvVoltage.v>416.5938</cim:SvVoltage.v>
  </cim:SvVoltage>
  <cim:SvVoltage rdf:ID="_7035d2af-e262-11eb-a668-74e5f963e191">
    <cim:SvVoltage.TopologicalNode rdf:resource="#_7035d2ab-e262-11eb-a668-74e5f963e191" />
    <cim:SvVoltage.angle>17.8557</cim:SvVoltage.angle>
    <cim:SvVoltage.v>417.8034</cim:SvVoltage.v>
  </cim:SvVoltage>
  <cim:SvVoltage rdf:ID="_7035d2be-e262-11eb-a668-74e5f963e191">
    <cim:SvVoltage.TopologicalNode rdf:resource="#_7035d2ba-e262-11eb-a668-74e5f963e191" />
    <cim:SvVoltage.angle>18.8903</cim:SvVoltage.angle>
    <cim:SvVoltage.v>416.6694</cim:SvVoltage.v>
  </cim:SvVoltage>
  <cim:SvVoltage rdf:ID="_7035d2cd-e262-11eb-a668-74e5f963e191">
    <cim:SvVoltage.TopologicalNode rdf:resource="#_7035d2c9-e262-11eb-a668-74e5f963e191" />
    <cim:SvVoltage.angle>43.807</cim:SvVoltage.angle>
    <cim:SvVoltage.v>300</cim:SvVoltage.v>
  </cim:SvVoltage>
  <cim:SvVoltage rdf:ID="_7035d2dc-e262-11eb-a668-74e5f963e191">
    <cim:SvVoltage.TopologicalNode rdf:resource="#_7035d2d8-e262-11eb-a668-74e5f963e191" />
    <cim:SvVoltage.angle>34.2457</cim:SvVoltage.angle>
    <cim:SvVoltage.v>417.3582</cim:SvVoltage.v>
  </cim:SvVoltage>
  <cim:SvVoltage rdf:ID="_7035d2eb-e262-11eb-a668-74e5f963e191">
    <cim:SvVoltage.TopologicalNode rdf:resource="#_7035d2e7-e262-11eb-a668-74e5f963e191" />
    <cim:SvVoltage.angle>26.1098</cim:SvVoltage.angle>
    <cim:SvVoltage.v>416.304</cim:SvVoltage.v>
  </cim:SvVoltage>
  <cim:SvVoltage rdf:ID="_7035d2fa-e262-11eb-a668-74e5f963e191">
    <cim:SvVoltage.TopologicalNode rdf:resource="#_7035d2f6-e262-11eb-a668-74e5f963e191" />
    <cim:SvVoltage.angle>27.1167</cim:SvVoltage.angle>
    <cim:SvVoltage.v>419.9622</cim:SvVoltage.v>
  </cim:SvVoltage>
  <cim:SvVoltage rdf:ID="_7035d309-e262-11eb-a668-74e5f963e191">
    <cim:SvVoltage.TopologicalNode rdf:resource="#_7035d305-e262-11eb-a668-74e5f963e191" />
    <cim:SvVoltage.angle>20.438</cim:SvVoltage.angle>
    <cim:SvVoltage.v>302.1</cim:SvVoltage.v>
  </cim:SvVoltage>
  <cim:SvVoltage rdf:ID="_7035d318-e262-11eb-a668-74e5f963e191">
    <cim:SvVoltage.TopologicalNode rdf:resource="#_7035d314-e262-11eb-a668-74e5f963e191" />
    <cim:SvVoltage.angle>20.9038</cim:SvVoltage.angle>
    <cim:SvVoltage.v>423.9564</cim:SvVoltage.v>
  </cim:SvVoltage>
  <cim:SvVoltage rdf:ID="_7035d327-e262-11eb-a668-74e5f963e191">
    <cim:SvVoltage.TopologicalNode rdf:resource="#_7035d323-e262-11eb-a668-74e5f963e191" />
    <cim:SvVoltage.angle>21.7761</cim:SvVoltage.angle>
    <cim:SvVoltage.v>421.3356</cim:SvVoltage.v>
  </cim:SvVoltage>
  <cim:SvVoltage rdf:ID="_7035d335-e262-11eb-a668-74e5f963e191">
    <cim:SvVoltage.TopologicalNode rdf:resource="#_7035d332-e262-11eb-a668-74e5f963e191" />
    <cim:SvVoltage.angle>13.6204</cim:SvVoltage.angle>
    <cim:SvVoltage.v>301.2</cim:SvVoltage.v>
  </cim:SvVoltage>
  <cim:SvVoltage rdf:ID="_7035d344-e262-11eb-a668-74e5f963e191">
    <cim:SvVoltage.TopologicalNode rdf:resource="#_7035d340-e262-11eb-a668-74e5f963e191" />
    <cim:SvVoltage.angle>13.8166</cim:SvVoltage.angle>
    <cim:SvVoltage.v>423.6792</cim:SvVoltage.v>
  </cim:SvVoltage>
  <cim:SvVoltage rdf:ID="_7035d353-e262-11eb-a668-74e5f963e191">
    <cim:SvVoltage.TopologicalNode rdf:resource="#_7035d34f-e262-11eb-a668-74e5f963e191" />
    <cim:SvVoltage.angle>12.1098</cim:SvVoltage.angle>
    <cim:SvVoltage.v>303</cim:SvVoltage.v>
  </cim:SvVoltage>
  <cim:SvVoltage rdf:ID="_7035d362-e262-11eb-a668-74e5f963e191">
    <cim:SvVoltage.TopologicalNode rdf:resource="#_7035d35e-e262-11eb-a668-74e5f963e191" />
    <cim:SvVoltage.angle>22.447</cim:SvVoltage.angle>
    <cim:SvVoltage.v>302.109</cim:SvVoltage.v>
  </cim:SvVoltage>
  <cim:SvVoltage rdf:ID="_7035d371-e262-11eb-a668-74e5f963e191">
    <cim:SvVoltage.TopologicalNode rdf:resource="#_7035d36d-e262-11eb-a668-74e5f963e191" />
    <cim:SvVoltage.angle>24.0405</cim:SvVoltage.angle>
    <cim:SvVoltage.v>434.2716</cim:SvVoltage.v>
  </cim:SvVoltage>
  <cim:SvVoltage rdf:ID="_7035d380-e262-11eb-a668-74e5f963e191">
    <cim:SvVoltage.TopologicalNode rdf:resource="#_7035d37c-e262-11eb-a668-74e5f963e191" />
    <cim:SvVoltage.angle>24.4136</cim:SvVoltage.angle>
    <cim:SvVoltage.v>310.638</cim:SvVoltage.v>
  </cim:SvVoltage>
  <cim:SvVoltage rdf:ID="_7035d38e-e262-11eb-a668-74e5f963e191">
    <cim:SvVoltage.TopologicalNode rdf:resource="#_7035d38b-e262-11eb-a668-74e5f963e191" />
    <cim:SvVoltage.angle>25.2584</cim:SvVoltage.angle>
    <cim:SvVoltage.v>311.256</cim:SvVoltage.v>
  </cim:SvVoltage>
  <cim:SvVoltage rdf:ID="_7035d39d-e262-11eb-a668-74e5f963e191">
    <cim:SvVoltage.TopologicalNode rdf:resource="#_7035d399-e262-11eb-a668-74e5f963e191" />
    <cim:SvVoltage.angle>11.7005</cim:SvVoltage.angle>
    <cim:SvVoltage.v>302.28</cim:SvVoltage.v>
  </cim:SvVoltage>
  <cim:SvVoltage rdf:ID="_7035d3ac-e262-11eb-a668-74e5f963e191">
    <cim:SvVoltage.TopologicalNode rdf:resource="#_7035d3a8-e262-11eb-a668-74e5f963e191" />
    <cim:SvVoltage.angle>24.0686</cim:SvVoltage.angle>
    <cim:SvVoltage.v>301.5</cim:SvVoltage.v>
  </cim:SvVoltage>
  <cim:SvVoltage rdf:ID="_7035d3bb-e262-11eb-a668-74e5f963e191">
    <cim:SvVoltage.TopologicalNode rdf:resource="#_7035d3b7-e262-11eb-a668-74e5f963e191" />
    <cim:SvVoltage.angle>22.6799</cim:SvVoltage.angle>
    <cim:SvVoltage.v>420.672</cim:SvVoltage.v>
  </cim:SvVoltage>
  <cim:SvVoltage rdf:ID="_7035d3ca-e262-11eb-a668-74e5f963e191">
    <cim:SvVoltage.TopologicalNode rdf:resource="#_7035d3c6-e262-11eb-a668-74e5f963e191" />
    <cim:SvVoltage.angle>51.9125</cim:SvVoltage.angle>
    <cim:SvVoltage.v>300</cim:SvVoltage.v>
  </cim:SvVoltage>
  <cim:SvVoltage rdf:ID="_7035d3d9-e262-11eb-a668-74e5f963e191">
    <cim:SvVoltage.TopologicalNode rdf:resource="#_7035d3d5-e262-11eb-a668-74e5f963e191" />
    <cim:SvVoltage.angle>-15.4611</cim:SvVoltage.angle>
    <cim:SvVoltage.v>300</cim:SvVoltage.v>
  </cim:SvVoltage>
  <cim:SvVoltage rdf:ID="_7035d3e8-e262-11eb-a668-74e5f963e191">
    <cim:SvVoltage.TopologicalNode rdf:resource="#_7035d3e4-e262-11eb-a668-74e5f963e191" />
    <cim:SvVoltage.angle>-2.1611</cim:SvVoltage.angle>
    <cim:SvVoltage.v>306</cim:SvVoltage.v>
  </cim:SvVoltage>
  <cim:SvVoltage rdf:ID="_7035d3f7-e262-11eb-a668-74e5f963e191">
    <cim:SvVoltage.TopologicalNode rdf:resource="#_7035d3f3-e262-11eb-a668-74e5f963e191" />
    <cim:SvVoltage.angle>-1.6964</cim:SvVoltage.angle>
    <cim:SvVoltage.v>423.8136</cim:SvVoltage.v>
  </cim:SvVoltage>
  <cim:SvVoltage rdf:ID="_7035d406-e262-11eb-a668-74e5f963e191">
    <cim:SvVoltage.TopologicalNode rdf:resource="#_7035d402-e262-11eb-a668-74e5f963e191" />
    <cim:SvVoltage.angle>11.5945</cim:SvVoltage.angle>
    <cim:SvVoltage.v>420</cim:SvVoltage.v>
  </cim:SvVoltage>
  <cim:SvVoltage rdf:ID="_7035d415-e262-11eb-a668-74e5f963e191">
    <cim:SvVoltage.TopologicalNode rdf:resource="#_7035d411-e262-11eb-a668-74e5f963e191" />
    <cim:SvVoltage.angle>12.1685</cim:SvVoltage.angle>
    <cim:SvVoltage.v>421.3608</cim:SvVoltage.v>
  </cim:SvVoltage>
  <cim:SvVoltage rdf:ID="_7035d424-e262-11eb-a668-74e5f963e191">
    <cim:SvVoltage.TopologicalNode rdf:resource="#_7035d420-e262-11eb-a668-74e5f963e191" />
    <cim:SvVoltage.angle>11.1815</cim:SvVoltage.angle>
    <cim:SvVoltage.v>418.9962</cim:SvVoltage.v>
  </cim:SvVoltage>
  <cim:SvVoltage rdf:ID="_7035d433-e262-11eb-a668-74e5f963e191">
    <cim:SvVoltage.TopologicalNode rdf:resource="#_7035d42f-e262-11eb-a668-74e5f963e191" />
    <cim:SvVoltage.angle>8.9692</cim:SvVoltage.angle>
    <cim:SvVoltage.v>420</cim:SvVoltage.v>
  </cim:SvVoltage>
  <cim:SvVoltage rdf:ID="_7035d442-e262-11eb-a668-74e5f963e191">
    <cim:SvVoltage.TopologicalNode rdf:resource="#_7035d43e-e262-11eb-a668-74e5f963e191" />
    <cim:SvVoltage.angle>-3.9983</cim:SvVoltage.angle>
    <cim:SvVoltage.v>428.4</cim:SvVoltage.v>
  </cim:SvVoltage>
  <cim:SvVoltage rdf:ID="_7035d451-e262-11eb-a668-74e5f963e191">
    <cim:SvVoltage.TopologicalNode rdf:resource="#_7035d44d-e262-11eb-a668-74e5f963e191" />
    <cim:SvVoltage.angle>-3.9565</cim:SvVoltage.angle>
    <cim:SvVoltage.v>428.5008</cim:SvVoltage.v>
  </cim:SvVoltage>
  <cim:SvVoltage rdf:ID="_7035d460-e262-11eb-a668-74e5f963e191">
    <cim:SvVoltage.TopologicalNode rdf:resource="#_7035d45c-e262-11eb-a668-74e5f963e191" />
    <cim:SvVoltage.angle>-3.9983</cim:SvVoltage.angle>
    <cim:SvVoltage.v>428.4</cim:SvVoltage.v>
  </cim:SvVoltage>
  <cim:TopologicalIsland rdf:ID="_7035d1d3-e262-11eb-a668-74e5f963e191">
    <cim:TopologicalIsland.AngleRefTopologicalNode rdf:resource="#_7035d250-e262-11eb-a668-74e5f963e191" />
    <cim:IdentifiedObject.name>System</cim:IdentifiedObject.name>
    <cim:TopologicalIsland.TopologicalNodes rdf:resource="#_7035d1c9-e262-11eb-a668-74e5f963e191" />
    <cim:TopologicalIsland.TopologicalNodes rdf:resource="#_7035d1e6-e262-11eb-a668-74e5f963e191" />
    <cim:TopologicalIsland.TopologicalNodes rdf:resource="#_7035d1f5-e262-11eb-a668-74e5f963e191" />
    <cim:TopologicalIsland.TopologicalNodes rdf:resource="#_7035d204-e262-11eb-a668-74e5f963e191" />
    <cim:TopologicalIsland.TopologicalNodes rdf:resource="#_7035d213-e262-11eb-a668-74e5f963e191" />
    <cim:TopologicalIsland.TopologicalNodes rdf:resource="#_7035d222-e262-11eb-a668-74e5f963e191" />
    <cim:TopologicalIsland.TopologicalNodes rdf:resource="#_7035d232-e262-11eb-a668-74e5f963e191" />
    <cim:TopologicalIsland.TopologicalNodes rdf:resource="#_7035d241-e262-11eb-a668-74e5f963e191" />
    <cim:TopologicalIsland.TopologicalNodes rdf:resource="#_7035d250-e262-11eb-a668-74e5f963e191" />
    <cim:TopologicalIsland.TopologicalNodes rdf:resource="#_7035d25f-e262-11eb-a668-74e5f963e191" />
    <cim:TopologicalIsland.TopologicalNodes rdf:resource="#_7035d26e-e262-11eb-a668-74e5f963e191" />
    <cim:TopologicalIsland.TopologicalNodes rdf:resource="#_7035d27e-e262-11eb-a668-74e5f963e191" />
    <cim:TopologicalIsland.TopologicalNodes rdf:resource="#_7035d28d-e262-11eb-a668-74e5f963e191" />
    <cim:TopologicalIsland.TopologicalNodes rdf:resource="#_7035d29c-e262-11eb-a668-74e5f963e191" />
    <cim:TopologicalIsland.TopologicalNodes rdf:resource="#_7035d2ab-e262-11eb-a668-74e5f963e191" />
    <cim:TopologicalIsland.TopologicalNodes rdf:resource="#_7035d2ba-e262-11eb-a668-74e5f963e191" />
    <cim:TopologicalIsland.TopologicalNodes rdf:resource="#_7035d2c9-e262-11eb-a668-74e5f963e191" />
    <cim:TopologicalIsland.TopologicalNodes rdf:resource="#_7035d2d8-e262-11eb-a668-74e5f963e191" />
    <cim:TopologicalIsland.TopologicalNodes rdf:resource="#_7035d2e7-e262-11eb-a668-74e5f963e191" />
    <cim:TopologicalIsland.TopologicalNodes rdf:resource="#_7035d2f6-e262-11eb-a668-74e5f963e191" />
    <cim:TopologicalIsland.TopologicalNodes rdf:resource="#_7035d305-e262-11eb-a668-74e5f963e191" />
    <cim:TopologicalIsland.TopologicalNodes rdf:resource="#_7035d314-e262-11eb-a668-74e5f963e191" />
    <cim:TopologicalIsland.TopologicalNodes rdf:resource="#_7035d323-e262-11eb-a668-74e5f963e191" />
    <cim:TopologicalIsland.TopologicalNodes rdf:resource="#_7035d332-e262-11eb-a668-74e5f963e191" />
    <cim:TopologicalIsland.TopologicalNodes rdf:resource="#_7035d340-e262-11eb-a668-74e5f963e191" />
    <cim:TopologicalIsland.TopologicalNodes rdf:resource="#_7035d34f-e262-11eb-a668-74e5f963e191" />
    <cim:TopologicalIsland.TopologicalNodes rdf:resource="#_7035d35e-e262-11eb-a668-74e5f963e191" />
    <cim:TopologicalIsland.TopologicalNodes rdf:resource="#_7035d36d-e262-11eb-a668-74e5f963e191" />
    <cim:TopologicalIsland.TopologicalNodes rdf:resource="#_7035d37c-e262-11eb-a668-74e5f963e191" />
    <cim:TopologicalIsland.TopologicalNodes rdf:resource="#_7035d38b-e262-11eb-a668-74e5f963e191" />
    <cim:TopologicalIsland.TopologicalNodes rdf:resource="#_7035d399-e262-11eb-a668-74e5f963e191" />
    <cim:TopologicalIsland.TopologicalNodes rdf:resource="#_7035d3a8-e262-11eb-a668-74e5f963e191" />
    <cim:TopologicalIsland.TopologicalNodes rdf:resource="#_7035d3b7-e262-11eb-a668-74e5f963e191" />
    <cim:TopologicalIsland.TopologicalNodes rdf:resource="#_7035d3c6-e262-11eb-a668-74e5f963e191" />
    <cim:TopologicalIsland.TopologicalNodes rdf:resource="#_7035d3d5-e262-11eb-a668-74e5f963e191" />
    <cim:TopologicalIsland.TopologicalNodes rdf:resource="#_7035d3e4-e262-11eb-a668-74e5f963e191" />
    <cim:TopologicalIsland.TopologicalNodes rdf:resource="#_7035d3f3-e262-11eb-a668-74e5f963e191" />
    <cim:TopologicalIsland.TopologicalNodes rdf:resource="#_7035d402-e262-11eb-a668-74e5f963e191" />
    <cim:TopologicalIsland.TopologicalNodes rdf:resource="#_7035d411-e262-11eb-a668-74e5f963e191" />
    <cim:TopologicalIsland.TopologicalNodes rdf:resource="#_7035d420-e262-11eb-a668-74e5f963e191" />
    <cim:TopologicalIsland.TopologicalNodes rdf:resource="#_7035d42f-e262-11eb-a668-74e5f963e191" />
    <cim:TopologicalIsland.TopologicalNodes rdf:resource="#_7035d43e-e262-11eb-a668-74e5f963e191" />
    <cim:TopologicalIsland.TopologicalNodes rdf:resource="#_7035d44d-e262-11eb-a668-74e5f963e191" />
    <cim:TopologicalIsland.TopologicalNodes rdf:resource="#_7035d45c-e262-11eb-a668-74e5f963e191" />
  </cim:TopologicalIsland>
</rdf:RDF>